行號,名稱,縣市,問題類別,問題描述,原始值,建議修正
2,五峰活動中心,新竹縣,空值,「村里」欄位為空,,需補填
2,五峰活動中心,新竹縣,空值,「避難收容處所地址」欄位為空,,需補填
5,烏坵鄉小坵村活動中心,金門縣烏坵鄉,空值,「適用災害類別」欄位為空,,需補填
6,金門縣烏坵鄉公所大廳,金門縣烏坵鄉,空值,「適用災害類別」欄位為空,,需補填
11,東莒老人活動中心,連江縣莒光鄉,空值,「適用災害類別」欄位為空,,需補填
12,福正風景管理處,連江縣莒光鄉,空值,「適用災害類別」欄位為空,,需補填
13,莒光指揮部國軍文康中心,連江縣莒光鄉,空值,「適用災害類別」欄位為空,,需補填
14,田沃老人活動中心,連江縣莒光鄉,空值,「適用災害類別」欄位為空,,需補填
15,青帆老人活動中心,連江縣莒光鄉,空值,「適用災害類別」欄位為空,,需補填
16,敬恆國中小禮堂,連江縣莒光鄉,空值,「適用災害類別」欄位為空,,需補填
17,東莒國小綜合教室,連江縣莒光鄉,空值,「適用災害類別」欄位為空,,需補填
19,上大社區活動中心,桃園市觀音區,空值,「適用災害類別」欄位為空,,需補填
20,武威社區活動中心,桃園市觀音區,空值,「適用災害類別」欄位為空,,需補填
21,塔腳社區活動中心,桃園市觀音區,空值,「適用災害類別」欄位為空,,需補填
22,廣福社區活動中心,桃園市觀音區,空值,「適用災害類別」欄位為空,,需補填
23,草漯國民小學,桃園市觀音區,空值,「適用災害類別」欄位為空,,需補填
24,上大國民小學,桃園市觀音區,空值,「適用災害類別」欄位為空,,需補填
25,崙坪國民小學,桃園市觀音區,空值,「適用災害類別」欄位為空,,需補填
26,富林國民小學,桃園市觀音區,空值,「適用災害類別」欄位為空,,需補填
27,樹林國民小學,桃園市觀音區,空值,「適用災害類別」欄位為空,,需補填
28,觀音區公所綠資源中心,桃園市觀音區,空值,「適用災害類別」欄位為空,,需補填
29,空軍第737戰術戰鬥機聯隊,臺東縣臺東市,空值,「村里」欄位為空,,需補填
29,空軍第737戰術戰鬥機聯隊,臺東縣臺東市,空值,「適用災害類別」欄位為空,,需補填
79,介達國小 Jieda Elementary School,臺東縣金峰鄉,空值,「適用災害類別」欄位為空,,需補填
96,響林活動中心,屏東縣滿州鄉,空值,「村里」欄位為空,,需補填
127,南田基督教會,臺東縣達仁鄉,空值,「適用災害類別」欄位為空,,需補填
128,森永活動中心,臺東縣達仁鄉,空值,「適用災害類別」欄位為空,,需補填
129,南田活動中心,臺東縣達仁鄉,空值,「適用災害類別」欄位為空,,需補填
130,安朔基督教會,臺東縣達仁鄉,空值,「適用災害類別」欄位為空,,需補填
131,安朔集會所,臺東縣達仁鄉,空值,「適用災害類別」欄位為空,,需補填
132,安朔國小,臺東縣達仁鄉,空值,「適用災害類別」欄位為空,,需補填
133,達仁鄉公所禮堂,臺東縣達仁鄉,空值,「適用災害類別」欄位為空,,需補填
134,大南國民小學,臺東縣卑南鄉,空值,「適用災害類別」欄位為空,,需補填
159,臺東縣立安朔國小新化分校,臺東縣達仁鄉,空值,「適用災害類別」欄位為空,,需補填
161,屏東市復興公園,屏東縣屏東市,空值,「適用災害類別」欄位為空,,需補填
177,土?天主堂,臺東縣達仁鄉,空值,「適用災害類別」欄位為空,,需補填
178,臺東縣立土?國小,臺東縣達仁鄉,空值,「適用災害類別」欄位為空,,需補填
179,達仁鄉立土?托兒所,臺東縣達仁鄉,空值,「適用災害類別」欄位為空,,需補填
192,臺東縣台?國民小學,臺東縣達仁鄉,空值,「適用災害類別」欄位為空,,需補填
193,台?活動中心,臺東縣達仁鄉,空值,「適用災害類別」欄位為空,,需補填
196,台?基督教會,臺東縣達仁鄉,空值,「適用災害類別」欄位為空,,需補填
197,啦里吧活動中心,臺東縣達仁鄉,空值,「適用災害類別」欄位為空,,需補填
226,賓茂國小 Binmao Elementary School,臺東縣金峰鄉,空值,「適用災害類別」欄位為空,,需補填
306,高雄市政府社會局無障礙之家,高雄市前鎮區,空值,「村里」欄位為空,,需補填
315,高雄市立鳳翔國民中學,高雄市鳳山區,空值,「適用災害類別」欄位為空,,需補填
336,金湯營區,高雄市鳳山區,空值,「村里」欄位為空,,需補填
337,中正營區,高雄市鳳山區,空值,「村里」欄位為空,,需補填
379,高雄市立忠孝國民中學,高雄市鳳山區,空值,「適用災害類別」欄位為空,,需補填
418,鳳山街友服務中心,高雄市鳳山區,空值,「村里」欄位為空,,需補填
586,知本金聯世紀酒店,臺東縣卑南鄉,空值,「適用災害類別」欄位為空,,需補填
597,臺東縣農會東遊季溫泉渡假村,臺東縣卑南鄉,空值,「適用災害類別」欄位為空,,需補填
598,溫泉國民小學,臺東縣卑南鄉,空值,「適用災害類別」欄位為空,,需補填
599,溫泉村活動中心,臺東縣卑南鄉,空值,「適用災害類別」欄位為空,,需補填
601,元新溫泉飯店,臺東縣卑南鄉,空值,「適用災害類別」欄位為空,,需補填
609,亞莊酒店,臺東縣卑南鄉,空值,「適用災害類別」欄位為空,,需補填
659,國立臺東大學,臺東縣卑南鄉,空值,「適用災害類別」欄位為空,,需補填
696,東興村活動中心,臺東縣卑南鄉,空值,「適用災害類別」欄位為空,,需補填
703,財團法人臺東縣私立仁愛之家,臺東縣卑南鄉,空值,「適用災害類別」欄位為空,,需補填
705,行政院國軍退除役官兵輔導委員會馬蘭榮譽國民之家,臺東縣臺東市,空值,「適用災害類別」欄位為空,,需補填
709,利嘉村活動中心,臺東縣卑南鄉,空值,「適用災害類別」欄位為空,,需補填
717,太平村活動中心,臺東縣卑南鄉,空值,「適用災害類別」欄位為空,,需補填
733,太平國民小學,臺東縣卑南鄉,空值,「適用災害類別」欄位為空,,需補填
736,高雄市岡山區岡山國民小學,高雄市岡山區,空值,「適用災害類別」欄位為空,,需補填
740,泰安活動中心,臺東縣卑南鄉,空值,「適用災害類別」欄位為空,,需補填
745,高雄市岡山區壽天國民小學,高雄市岡山區,空值,「適用災害類別」欄位為空,,需補填
751,富源村活動中心,臺東縣卑南鄉,空值,「適用災害類別」欄位為空,,需補填
759,富山村活動中心,臺東縣卑南鄉,空值,「適用災害類別」欄位為空,,需補填
760,富山國民小學,臺東縣卑南鄉,空值,「適用災害類別」欄位為空,,需補填
764,賓朗老人暨多功能活動中心,臺東縣卑南鄉,空值,「適用災害類別」欄位為空,,需補填
765,利吉村活動中心,臺東縣卑南鄉,空值,「適用災害類別」欄位為空,,需補填
768,美農村活動中心,臺東縣卑南鄉,空值,「適用災害類別」欄位為空,,需補填
772,東成國民小學,臺東縣卑南鄉,空值,「適用災害類別」欄位為空,,需補填
786,初鹿國民小學,臺東縣卑南鄉,空值,「適用災害類別」欄位為空,,需補填
787,初鹿村多功能暨老人活動中心,臺東縣卑南鄉,空值,「適用災害類別」欄位為空,,需補填
995,小馬活動中心 Siao-Ma Community Center,臺東縣成功鎮,空值,「適用災害類別」欄位為空,,需補填
1045,臺南市永康區崑山里活動中心,臺南市永康區,空值,「適用災害類別」欄位為空,,需補填
1065,臺南市永康區西灣里活動中心,臺南市永康區,空值,「適用災害類別」欄位為空,,需補填
1066,臺南市永康區北灣里活動中心,臺南市永康區,空值,「適用災害類別」欄位為空,,需補填
1096,都歷活動中心 Du-Li Community Center,臺東縣成功鎮,空值,「適用災害類別」欄位為空,,需補填
1129,臺南市永康區鹽洲里活動中心,臺南市永康區,空值,「適用災害類別」欄位為空,,需補填
1130,臺南市永康區烏竹里活動中心,臺南市永康區,空值,「適用災害類別」欄位為空,,需補填
1136,高雄市甲仙區寶隆國民小學（備用）,高雄市甲仙區,空值,「適用災害類別」欄位為空,,需補填
1180,大田老人活動中心（備用）,高雄市甲仙區,空值,「適用災害類別」欄位為空,,需補填
1194,甲仙和安社區活動中心備用,高雄市甲仙區,空值,「適用災害類別」欄位為空,,需補填
1220,三民里活動中心 San-Min Community Center,臺東縣成功鎮,空值,「適用災害類別」欄位為空,,需補填
1227,三民里第2市場 San-Min Second Market,臺東縣成功鎮,空值,「適用災害類別」欄位為空,,需補填
1229,忠智里活動中心 Jhong-Jhi Community Center,臺東縣成功鎮,空值,「適用災害類別」欄位為空,,需補填
1241,關山社區活動中心,高雄市甲仙區,空值,「適用災害類別」欄位為空,,需補填
1315,小林社區活動中心備用,高雄市甲仙區,空值,「適用災害類別」欄位為空,,需補填
1491,劉厝社區活動中心,嘉義市西區,空值,「適用災害類別」欄位為空,,需補填
1614,望安鄉多功能活動中心,澎湖縣望安鄉,空值,「適用災害類別」欄位為空,,需補填
1755,太保國中[室外],嘉義縣太保市,空值,「適用災害類別」欄位為空,,需補填
1814,港坪社區活動中心,嘉義市西區,空值,「適用災害類別」欄位為空,,需補填
1824,龍山國小[室內],嘉義縣竹崎鄉,空值,「適用災害類別」欄位為空,,需補填
1827,賓朗村活動中心,臺東縣卑南鄉,空值,「適用災害類別」欄位為空,,需補填
1872,博愛國民小學,嘉義市西區,空值,「適用災害類別」欄位為空,,需補填
1876,下埤社區活動中心,嘉義市西區,空值,「適用災害類別」欄位為空,,需補填
1906,嘉新國中[室外],嘉義縣太保市,空值,「適用災害類別」欄位為空,,需補填
1931,金興村辦公處暨社區活動中心,嘉義縣民雄鄉,空值,「適用災害類別」欄位為空,,需補填
1949,嘉義縣竹崎鄉昇平村收容所暨防災物資整備所,嘉義縣竹崎鄉,空值,「適用災害類別」欄位為空,,需補填
1999,安龍宮活動中心,雲林縣口湖鄉,空值,「適用災害類別」欄位為空,,需補填
2088,口湖鄉公所,雲林縣口湖鄉,空值,「適用災害類別」欄位為空,,需補填
2162,永光老人養護中心,雲林縣古坑鄉,空值,「適用災害類別」欄位為空,,需補填
2303,雲林國中,雲林縣斗六市,空值,「村里」欄位為空,,需補填
2307,芳草社區活動中心,雲林縣虎尾鎮,空值,「適用災害類別」欄位為空,,需補填
2322,崇修堂,雲林縣斗六市,空值,「村里」欄位為空,,需補填
2332,正心中學,雲林縣斗六市,空值,「村里」欄位為空,,需補填
2333,平和國小地下室,雲林縣虎尾鎮,空值,「適用災害類別」欄位為空,,需補填
2344,安慶國小地下室,雲林縣虎尾鎮,空值,「適用災害類別」欄位為空,,需補填
2346,斗六國中,雲林縣斗六市,空值,「村里」欄位為空,,需補填
2346,斗六國中,雲林縣斗六市,空值,「適用災害類別」欄位為空,,需補填
2350,斗六公園,雲林縣斗六市,空值,「村里」欄位為空,,需補填
2357,石榴國中,雲林縣斗六市,空值,「村里」欄位為空,,需補填
2374,虎尾國中活動中心,雲林縣虎尾鎮,空值,「適用災害類別」欄位為空,,需補填
2375,龍潭健康公園,雲林縣斗六市,空值,「村里」欄位為空,,需補填
2438,麥寮國小活動中心,雲林縣麥寮鄉,空值,「適用災害類別」欄位為空,,需補填
2488,興中社區活動中心,雲林縣虎尾鎮,空值,「適用災害類別」欄位為空,,需補填
2505,坪林台大實驗林?作站,南投縣水里鄉,空值,「適用災害類別」欄位為空,,需補填
2512,永興社區活動中心,南投縣水里鄉,空值,「適用災害類別」欄位為空,,需補填
2549,頂崁社區活動中心,南投縣水里鄉,空值,「適用災害類別」欄位為空,,需補填
2563,永豐社區活動中心,南投縣水里鄉,空值,「適用災害類別」欄位為空,,需補填
2566,上安社區老人會館,南投縣水里鄉,空值,「適用災害類別」欄位為空,,需補填
2567,上安社區活動中心,南投縣水里鄉,空值,「適用災害類別」欄位為空,,需補填
2568,玉峰社區活動中心,南投縣水里鄉,空值,「適用災害類別」欄位為空,,需補填
2577,水里國小禮堂,南投縣水里鄉,空值,「適用災害類別」欄位為空,,需補填
2578,水里國中體育館,南投縣水里鄉,空值,「適用災害類別」欄位為空,,需補填
2579,水里鄉公所,南投縣水里鄉,空值,「適用災害類別」欄位為空,,需補填
2583,第三立體停車場三樓,南投縣水里鄉,空值,「適用災害類別」欄位為空,,需補填
2589,中央社區活動中心,南投縣水里鄉,空值,「適用災害類別」欄位為空,,需補填
2592,水里鄉農會倉庫,南投縣水里鄉,空值,「適用災害類別」欄位為空,,需補填
2594,義民廟,南投縣水里鄉,空值,「適用災害類別」欄位為空,,需補填
2598,憫世寶宮,南投縣水里鄉,空值,「適用災害類別」欄位為空,,需補填
2600,成城國小會議室、105-106、201-208教室,南投縣水里鄉,空值,「適用災害類別」欄位為空,,需補填
2611,車埕國小禮堂,南投縣水里鄉,空值,「適用災害類別」欄位為空,,需補填
2616,車埕社區活動中心,南投縣水里鄉,空值,「適用災害類別」欄位為空,,需補填
2948,福安宮,彰化縣溪湖鎮,空值,「適用災害類別」欄位為空,,需補填
2995,南村里集會所,南投縣埔里鎮,空值,「適用災害類別」欄位為空,,需補填
3110,南豐村眉溪天主堂,南投縣仁愛鄉,空值,「適用災害類別」欄位為空,,需補填
3135,仁愛國小,南投縣仁愛鄉,空值,「適用災害類別」欄位為空,,需補填
3252,松崗活動中心,南投縣仁愛鄉,空值,「適用災害類別」欄位為空,,需補填
3538,翠華村華崗活動中心,南投縣仁愛鄉,空值,「村里」欄位為空,,需補填
3538,翠華村華崗活動中心,南投縣仁愛鄉,空值,「避難收容處所地址」欄位為空,,需補填
3660,梧南國小3樓視聽教室,臺中市梧棲區,空值,「適用災害類別」欄位為空,,需補填
3712,翁明里活動中心,臺中市豐原區,空值,「適用災害類別」欄位為空,,需補填
3756,HHH,臺中市石岡區,空值,「適用災害類別」欄位為空,,需補填
3880,榜林村辦公處收容所,金門縣金寧鄉,空值,「適用災害類別」欄位為空,,需補填
3929,四季活動中心,宜蘭縣大同鄉,空值,「村里」欄位為空,,需補填
3946,茂安活動中心,宜蘭縣大同鄉,空值,「村里」欄位為空,,需補填
3948,獅潭國小,苗栗縣獅潭鄉,空值,「適用災害類別」欄位為空,,需補填
3975,文山國小活動中心,苗栗縣苗栗市,空值,「適用災害類別」欄位為空,,需補填
4000,中和國小操場,苗栗縣後龍鎮,空值,「適用災害類別」欄位為空,,需補填
4021,樂水活動中心,宜蘭縣大同鄉,空值,「村里」欄位為空,,需補填
4025,龍坑國小操場,苗栗縣後龍鎮,空值,「適用災害類別」欄位為空,,需補填
4031,維真國中操場,苗栗縣後龍鎮,空值,「適用災害類別」欄位為空,,需補填
4033,新港國中小操場,苗栗縣後龍鎮,空值,「適用災害類別」欄位為空,,需補填
4038,後龍國小操場,苗栗縣後龍鎮,空值,「適用災害類別」欄位為空,,需補填
4042,後龍國中操場,苗栗縣後龍鎮,空值,「適用災害類別」欄位為空,,需補填
4048,溪洲國小操場,苗栗縣後龍鎮,空值,「適用災害類別」欄位為空,,需補填
4063,復興活動中心,宜蘭縣大同鄉,空值,「村里」欄位為空,,需補填
4065,成功國小操場,苗栗縣後龍鎮,空值,「適用災害類別」欄位為空,,需補填
4084,大山國小操場,苗栗縣後龍鎮,空值,「適用災害類別」欄位為空,,需補填
4098,松羅活動中心,宜蘭縣大同鄉,空值,「村里」欄位為空,,需補填
4111,海寶國小操場,苗栗縣後龍鎮,空值,「適用災害類別」欄位為空,,需補填
4121,新群社區活動中心,宜蘭縣羅東鎮,空值,「村里」欄位為空,,需補填
4123,維安社區活動中心,宜蘭縣羅東鎮,空值,「村里」欄位為空,,需補填
4130,成功國小體育館,宜蘭縣羅東鎮,空值,「村里」欄位為空,,需補填
4130,成功國小體育館,宜蘭縣羅東鎮,空值,「適用災害類別」欄位為空,,需補填
4138,仁德社區活動中心,宜蘭縣羅東鎮,空值,「村里」欄位為空,,需補填
4139,漢民社區活動中心,宜蘭縣羅東鎮,空值,「村里」欄位為空,,需補填
4140,東安社區活動中心,宜蘭縣羅東鎮,空值,「村里」欄位為空,,需補填
4143,北成國小自強館,宜蘭縣羅東鎮,空值,「村里」欄位為空,,需補填
4143,北成國小自強館,宜蘭縣羅東鎮,空值,「適用災害類別」欄位為空,,需補填
4145,聖安宮,宜蘭縣羅東鎮,空值,「村里」欄位為空,,需補填
4150,羅東鎮展演廳,宜蘭縣羅東鎮,空值,「村里」欄位為空,,需補填
4153,國華國中自強館,宜蘭縣羅東鎮,空值,「村里」欄位為空,,需補填
4153,國華國中自強館,宜蘭縣羅東鎮,空值,「適用災害類別」欄位為空,,需補填
4156,公正國小體育館,宜蘭縣羅東鎮,空值,「村里」欄位為空,,需補填
4156,公正國小體育館,宜蘭縣羅東鎮,空值,「適用災害類別」欄位為空,,需補填
4158,崙埤活動中心,宜蘭縣大同鄉,空值,「村里」欄位為空,,需補填
4162,羅東國中自強館,宜蘭縣羅東鎮,空值,「村里」欄位為空,,需補填
4162,羅東國中自強館,宜蘭縣羅東鎮,空值,「適用災害類別」欄位為空,,需補填
4189,竹林國小體育館,宜蘭縣羅東鎮,空值,「村里」欄位為空,,需補填
4216,興隆社區活動中心室內,苗栗縣頭份市,空值,「適用災害類別」欄位為空,,需補填
4226,仁愛社區活動中心,宜蘭縣羅東鎮,空值,「村里」欄位為空,,需補填
4299,三聖宮,宜蘭縣宜蘭市,空值,「村里」欄位為空,,需補填
4307,黎明國小體育館,宜蘭縣宜蘭市,空值,「村里」欄位為空,,需補填
4314,國立宜蘭高商四維堂,宜蘭縣宜蘭市,空值,「村里」欄位為空,,需補填
4337,寶山鄉綜合行政大樓,新竹縣寶山鄉,空值,「適用災害類別」欄位為空,,需補填
4339,寶山鄉老人文康中心,新竹縣寶山鄉,空值,「村里」欄位為空,,需補填
4387,新竹教育大學,新竹市東區,空值,「適用災害類別」欄位為空,,需補填
4402,建功國小,新竹市東區,空值,「適用災害類別」欄位為空,,需補填
4435,六家高中,新竹縣竹北市,空值,「適用災害類別」欄位為空,,需補填
4440,竹安里-竹安國小五育樓,宜蘭縣頭城鎮,空值,「村里」欄位為空,,需補填
4459,中崙里-中崙社區活動中心,宜蘭縣頭城鎮,空值,「村里」欄位為空,,需補填
4463,下埔里-下埔社區活動中心,宜蘭縣頭城鎮,空值,「村里」欄位為空,,需補填
4465,二城里-二城社區活動中心,宜蘭縣頭城鎮,空值,「村里」欄位為空,,需補填
4472,豐田國小,新竹縣竹北市,空值,「適用災害類別」欄位為空,,需補填
4474,南華國中,新竹市北區,空值,「適用災害類別」欄位為空,,需補填
4478,頂埔里-順天府池府王爺廟,宜蘭縣頭城鎮,空值,「村里」欄位為空,,需補填
4480,金盈里-金盈社區活動中心,宜蘭縣頭城鎮,空值,「村里」欄位為空,,需補填
4489,新建里-新建社區活動中心,宜蘭縣頭城鎮,空值,「村里」欄位為空,,需補填
4491,金面里-協天廟,宜蘭縣頭城鎮,空值,「村里」欄位為空,,需補填
4493,城西里-城隍廟,宜蘭縣頭城鎮,空值,「村里」欄位為空,,需補填
4496,大坑里-協天宮,宜蘭縣頭城鎮,空值,「村里」欄位為空,,需補填
4499,城東里-城東社區活動中心,宜蘭縣頭城鎮,空值,「村里」欄位為空,,需補填
4505,拔雅里-拔雅社區活動中心,宜蘭縣頭城鎮,空值,「村里」欄位為空,,需補填
4506,福成里-福成社區活動中心,宜蘭縣頭城鎮,空值,「村里」欄位為空,,需補填
4507,武營里-頭城國小,宜蘭縣頭城鎮,空值,「村里」欄位為空,,需補填
4508,陸軍裝甲第542旅,新竹縣竹北市,空值,「村里」欄位為空,,需補填
4508,陸軍裝甲第542旅,新竹縣竹北市,空值,「避難收容處所地址」欄位為空,,需補填
4508,陸軍裝甲第542旅,新竹縣竹北市,空值,「適用災害類別」欄位為空,,需補填
4534,港口里-港口社區活動中心,宜蘭縣頭城鎮,空值,「村里」欄位為空,,需補填
4547,外澳里-外澳社區活動中心,宜蘭縣頭城鎮,空值,「村里」欄位為空,,需補填
4575,湖口陸軍裝甲第542旅,新竹縣新豐鄉,空值,「村里」欄位為空,,需補填
4582,更新里-更新漁民活動中心,宜蘭縣頭城鎮,空值,「村里」欄位為空,,需補填
4674,合興里-合興社區活動中心,宜蘭縣頭城鎮,空值,「村里」欄位為空,,需補填
4684,直潭國小,新北市新店區,空值,「適用災害類別」欄位為空,,需補填
4693,平鎮高中,桃園市平鎮區,空值,「村里」欄位為空,,需補填
4698,大溪里-大溪社區活動中心,宜蘭縣頭城鎮,空值,「村里」欄位為空,,需補填
4707,龜山里-龜山社區活動中心,宜蘭縣頭城鎮,空值,「村里」欄位為空,,需補填
4756,新榮國小,桃園市平鎮區,空值,「村里」欄位為空,,需補填
4833,大里里-大里社區活動中心,宜蘭縣頭城鎮,空值,「村里」欄位為空,,需補填
4877,鴻撫宮,桃園市桃園區,空值,「村里」欄位為空,,需補填
4891,指南國小,臺北市文山區,空值,「村里」欄位為空,,需補填
4907,石城里-石城社區活動中心,宜蘭縣頭城鎮,空值,「村里」欄位為空,,需補填
4913,景美女中,臺北市文山區,空值,「村里」欄位為空,,需補填
4914,延平公園,桃園市桃園區,空值,「村里」欄位為空,,需補填
4917,力行國小,臺北市文山區,空值,「村里」欄位為空,,需補填
4919,陽明公園,桃園市桃園區,空值,「村里」欄位為空,,需補填
4930,實踐國中,臺北市文山區,空值,「村里」欄位為空,,需補填
4933,實踐國小,臺北市文山區,空值,「村里」欄位為空,,需補填
4938,北政國中,臺北市文山區,空值,「村里」欄位為空,,需補填
4953,市二簡易公園,桃園市桃園區,空值,「村里」欄位為空,,需補填
4956,木柵國中,臺北市文山區,空值,「村里」欄位為空,,需補填
4958,永建國小,臺北市文山區,空值,「村里」欄位為空,,需補填
4960,龍岡公園,桃園市桃園區,空值,「村里」欄位為空,,需補填
4963,建國公園,桃園市桃園區,空值,「村里」欄位為空,,需補填
4965,龍祥公園,桃園市桃園區,空值,「村里」欄位為空,,需補填
4967,溫州公園,桃園市桃園區,空值,「村里」欄位為空,,需補填
4970,景美國小,臺北市文山區,空值,「村里」欄位為空,,需補填
4972,行政中心大禮堂,臺北市文山區,空值,「村里」欄位為空,,需補填
4981,木柵國小,臺北市文山區,空值,「村里」欄位為空,,需補填
4985,國強公園,桃園市桃園區,空值,「村里」欄位為空,,需補填
4989,民族公園,桃園市桃園區,空值,「村里」欄位為空,,需補填
4991,景美國中,臺北市文山區,空值,「村里」欄位為空,,需補填
4995,溪口國小,臺北市文山區,空值,「村里」欄位為空,,需補填
5002,景華公園,臺北市文山區,空值,「村里」欄位為空,,需補填
5006,木柵高工,臺北市文山區,空值,「村里」欄位為空,,需補填
5008,景興國中,臺北市文山區,空值,「村里」欄位為空,,需補填
5024,志清國小,臺北市文山區,空值,「村里」欄位為空,,需補填
5026,興華國小,臺北市文山區,空值,「村里」欄位為空,,需補填
5032,士東國小,臺北市士林區,空值,「適用災害類別」欄位為空,,需補填
5034,萬芳高中,臺北市文山區,空值,「村里」欄位為空,,需補填
5038,三民公園、青溪公園,桃園市桃園區,空值,「村里」欄位為空,,需補填
5041,興德國小,臺北市文山區,空值,「村里」欄位為空,,需補填
5046,博嘉國小,臺北市文山區,空值,「村里」欄位為空,,需補填
5054,永康公園,桃園市桃園區,空值,「村里」欄位為空,,需補填
5058,武功國小,臺北市文山區,空值,「村里」欄位為空,,需補填
5065,萬福國小,臺北市文山區,空值,「村里」欄位為空,,需補填
5066,興福國中,臺北市文山區,空值,「村里」欄位為空,,需補填
5075,辛亥國小,臺北市文山區,空值,「村里」欄位為空,,需補填
5078,保生國民小學,桃園市觀音區,空值,「適用災害類別」欄位為空,,需補填
5133,桃園縣多功能藝文園區,桃園市桃園區,空值,「村里」欄位為空,,需補填
5136,同新公園,桃園市桃園區,空值,「村里」欄位為空,,需補填
5143,螢橋國中,臺北市中正區,空值,「村里」欄位為空,,需補填
5167,朝陽公園,桃園市桃園區,空值,「村里」欄位為空,,需補填
5204,中正公園,桃園市桃園區,空值,「村里」欄位為空,,需補填
5207,萬華國中,臺北市萬華區,空值,「村里」欄位為空,,需補填
5212,中華區民活動中心,臺北市中正區,空值,「村里」欄位為空,,需補填
5233,台北世貿一館,基隆市中正區,空值,「適用災害類別」欄位為空,,需補填
5245,台北市世貿三館,基隆市中正區,空值,「適用災害類別」欄位為空,,需補填
5269,舊庄國小,臺北市南港區,空值,「適用災害類別」欄位為空,,需補填
5302,嘉義縣竹崎鄉灣橋村朴子埔收容所暨防災物資整備所,嘉義縣竹崎鄉,空值,「適用災害類別」欄位為空,,需補填
5315,胡適國小,臺北市南港區,空值,「村里」欄位為空,,需補填
5328,成德國中,臺北市南港區,空值,「適用災害類別」欄位為空,,需補填
5339,成德國小,臺北市南港區,空值,「村里」欄位為空,,需補填
5380,南港高中,臺北市南港區,空值,「村里」欄位為空,,需補填
5383,玉成國小,臺北市南港區,空值,「村里」欄位為空,,需補填
5383,玉成國小,臺北市南港區,空值,「適用災害類別」欄位為空,,需補填
5385,誠正國中,臺北市南港區,空值,「村里」欄位為空,,需補填
5401,東新國小,臺北市南港區,空值,「村里」欄位為空,,需補填
5403,南港高工,臺北市南港區,空值,「村里」欄位為空,,需補填
5404,南港展覽館,基隆市中正區,空值,「適用災害類別」欄位為空,,需補填
5406,介壽國中,臺北市松山區,空值,「村里」欄位為空,,需補填
5412,南港國小,臺北市南港區,空值,「村里」欄位為空,,需補填
5415,潮音國小,桃園市大園區,空值,「適用災害類別」欄位為空,,需補填
5428,潭美國小,臺北市內湖區,空值,「村里」欄位為空,,需補填
5449,中山國小,臺北市中山區,空值,「村里」欄位為空,,需補填
5450,三重區綜合運動場,新北市三重區,空值,「適用災害類別」欄位為空,,需補填
5478,南湖高中,臺北市內湖區,空值,「村里」欄位為空,,需補填
5484,東湖國小,臺北市內湖區,空值,「村里」欄位為空,,需補填
5488,新湖國小,臺北市內湖區,空值,「村里」欄位為空,,需補填
5491,三民國中,臺北市內湖區,空值,「村里」欄位為空,,需補填
5494,內湖區行政大樓,臺北市內湖區,空值,「適用災害類別」欄位為空,,需補填
5503,南湖國小,臺北市內湖區,空值,「村里」欄位為空,,需補填
5504,明湖國中,臺北市內湖區,空值,「村里」欄位為空,,需補填
5510,明湖國小,臺北市內湖區,空值,「村里」欄位為空,,需補填
5517,東湖國中,臺北市內湖區,空值,「村里」欄位為空,,需補填
5520,麗湖國小,臺北市內湖區,空值,「村里」欄位為空,,需補填
5538,內湖國中,臺北市內湖區,空值,「村里」欄位為空,,需補填
5543,內湖高中,臺北市內湖區,空值,「村里」欄位為空,,需補填
5549,內湖國小,臺北市內湖區,空值,「村里」欄位為空,,需補填
5558,劍潭國小,臺北市士林區,空值,「村里」欄位為空,,需補填
5559,康寧國小,臺北市內湖區,空值,「村里」欄位為空,,需補填
5568,麗山國中,臺北市內湖區,空值,「村里」欄位為空,,需補填
5580,麗山國小,臺北市內湖區,空值,「村里」欄位為空,,需補填
5581,葫蘆國小,臺北市士林區,空值,「村里」欄位為空,,需補填
5583,西湖國小,臺北市內湖區,空值,「村里」欄位為空,,需補填
5585,麗山高中,臺北市內湖區,空值,「村里」欄位為空,,需補填
5588,碧華國民小學,新北市三重區,空值,「適用災害類別」欄位為空,,需補填
5590,碧湖國小,臺北市內湖區,空值,「村里」欄位為空,,需補填
5593,文湖國小,臺北市內湖區,空值,「村里」欄位為空,,需補填
5594,西湖國中,臺北市內湖區,空值,「村里」欄位為空,,需補填
5595,百齡國小,臺北市士林區,空值,「村里」欄位為空,,需補填
5599,百齡高中,臺北市士林區,空值,「村里」欄位為空,,需補填
5603,大湖國小,臺北市內湖區,空值,「村里」欄位為空,,需補填
5610,社子國小,臺北市士林區,空值,「村里」欄位為空,,需補填
5616,陽明高中,臺北市士林區,空值,「村里」欄位為空,,需補填
5620,士林國中,臺北市士林區,空值,「村里」欄位為空,,需補填
5624,士林高商,臺北市士林區,空值,「村里」欄位為空,,需補填
5637,文昌國小,臺北市士林區,空值,「村里」欄位為空,,需補填
5638,地藏禪寺,臺北市士林區,空值,「適用災害類別」欄位為空,,需補填
5647,雨聲國小,臺北市士林區,空值,「村里」欄位為空,,需補填
5648,福安國中,臺北市士林區,空值,「村里」欄位為空,,需補填
5652,中正高中,臺北市北投區,空值,「村里」欄位為空,,需補填
5656,雨農國小,臺北市士林區,空值,「村里」欄位為空,,需補填
5658,富安國小,臺北市士林區,空值,「村里」欄位為空,,需補填
5659,文林國小,臺北市北投區,空值,「村里」欄位為空,,需補填
5660,雙溪國小,臺北市士林區,空值,「村里」欄位為空,,需補填
5666,明德國中,臺北市北投區,空值,「村里」欄位為空,,需補填
5673,蘭雅國小,臺北市士林區,空值,「村里」欄位為空,,需補填
5679,芝山國小,臺北市士林區,空值,「村里」欄位為空,,需補填
5681,蘭雅國中,臺北市士林區,空值,「村里」欄位為空,,需補填
5685,明德國小,臺北市北投區,空值,「村里」欄位為空,,需補填
5691,石牌國中,臺北市北投區,空值,「村里」欄位為空,,需補填
5692,石牌國小,臺北市北投區,空值,「村里」欄位為空,,需補填
5693,三玉國小,臺北市士林區,空值,「村里」欄位為空,,需補填
5694,天母國中,臺北市士林區,空值,「村里」欄位為空,,需補填
5696,立農國小,臺北市北投區,空值,「村里」欄位為空,,需補填
5697,天母國小,臺北市士林區,空值,「村里」欄位為空,,需補填
5700,關渡國中,臺北市北投區,空值,「村里」欄位為空,,需補填
5715,孝岡里民活動中心,基隆市信義區,空值,「村里」欄位為空,,需補填
5731,禮儀里民活動中心,基隆市信義區,空值,「村里」欄位為空,,需補填
5732,關渡國小,臺北市北投區,空值,「村里」欄位為空,,需補填
5733,清江國小,臺北市北投區,空值,「村里」欄位為空,,需補填
5734,孝深里民活動中心,基隆市信義區,空值,「村里」欄位為空,,需補填
5735,禮東里民活動中心,基隆市信義區,空值,「村里」欄位為空,,需補填
5736,東明里民活動中心,基隆市信義區,空值,「村里」欄位為空,,需補填
5743,智慧里民活動中心,基隆市信義區,空值,「村里」欄位為空,,需補填
5750,義民里民活動中心,基隆市信義區,空值,「村里」欄位為空,,需補填
5752,東安里民活動中心,基隆市信義區,空值,「村里」欄位為空,,需補填
5754,義和里民活動中心,基隆市信義區,空值,「村里」欄位為空,,需補填
5756,平等國小,臺北市士林區,空值,「村里」欄位為空,,需補填
5757,市立體育館,基隆市信義區,空值,「村里」欄位為空,,需補填
5758,義昭里民活動中心,基隆市信義區,空值,「村里」欄位為空,,需補填
5760,基隆市信義區公所,基隆市信義區,空值,「村里」欄位為空,,需補填
5763,東信里民活動中心,基隆市信義區,空值,「村里」欄位為空,,需補填
5765,孝德里民活動中心,基隆市信義區,空值,「村里」欄位為空,,需補填
5767,仁義里民活動中心,基隆市信義區,空值,「村里」欄位為空,,需補填
5769,格致國中,臺北市士林區,空值,「村里」欄位為空,,需補填
5774,東信國小,基隆市信義區,空值,「村里」欄位為空,,需補填
5776,北投區區民活動中心,臺北市北投區,空值,「村里」欄位為空,,需補填
5779,北投國小,臺北市北投區,空值,「村里」欄位為空,,需補填
5780,北投國中,臺北市北投區,空值,「村里」欄位為空,,需補填
5783,東光里民活動中心,基隆市信義區,空值,「村里」欄位為空,,需補填
5784,桃源國中,臺北市北投區,空值,「村里」欄位為空,,需補填
5793,文化國小,臺北市北投區,空值,「村里」欄位為空,,需補填
5796,三砂灣聯合里民活動中心,基隆市中正區,空值,「村里」欄位為空,,需補填
5799,復興崗營區,臺北市北投區,空值,「村里」欄位為空,,需補填
5800,復興崗營區,基隆市中正區,空值,「適用災害類別」欄位為空,,需補填
5801,逸仙國小,臺北市北投區,空值,「村里」欄位為空,,需補填
5802,新民國中,臺北市北投區,空值,「村里」欄位為空,,需補填
5806,桃源國小,臺北市北投區,空值,「村里」欄位為空,,需補填
5816,義方國小,臺北市北投區,空值,「村里」欄位為空,,需補填
5823,復興高中,臺北市北投區,空值,「村里」欄位為空,,需補填
5841,泉源國小,臺北市北投區,空值,「村里」欄位為空,,需補填
5845,湖山國小,臺北市北投區,空值,「村里」欄位為空,,需補填
5854,大屯國小,臺北市北投區,空值,「村里」欄位為空,,需補填
5870,湖田國小,臺北市北投區,空值,「村里」欄位為空,,需補填
5881,萬里區行政大樓,新北市萬里區,空值,「村里」欄位為空,,需補填
5906,公館崙公園,新北市金山區,空值,「適用災害類別」欄位為空,,需補填
5919,金山區獅頭山公園,新北市金山區,空值,「適用災害類別」欄位為空,,需補填
5930,新北市三芝區橫山國民小學,新北市三芝區,空值,「適用災害類別」欄位為空,,需補填
5949,馬祖綜合福利園區,連江縣北竿鄉,空值,「村里」欄位為空,,需補填
5956,港務大樓,連江縣北竿鄉,空值,「適用災害類別」欄位為空,,需補填
5957,?里國小,連江縣北竿鄉,空值,「村里」欄位為空,,需補填
5957,?里國小,連江縣北竿鄉,空值,「適用災害類別」欄位為空,,需補填
5958,塘岐國小,連江縣北竿鄉,空值,「適用災害類別」欄位為空,,需補填
5959,楊公八使廟,連江縣北竿鄉,空值,「適用災害類別」欄位為空,,需補填
5960,中山國中,連江縣北竿鄉,空值,「適用災害類別」欄位為空,,需補填
5961,老人活動中心,連江縣北竿鄉,空值,「適用災害類別」欄位為空,,需補填
5962,塘歧羽球館,連江縣北竿鄉,空值,「適用災害類別」欄位為空,,需補填
5963,三合殿,連江縣北竿鄉,空值,「適用災害類別」欄位為空,,需補填
5964,東引鄉活動中心,連江縣東引鄉,空值,「適用災害類別」欄位為空,,需補填
5965,東引國中小教室,連江縣東引鄉,空值,「適用災害類別」欄位為空,,需補填
5966,東引鄉體育館,連江縣東引鄉,空值,「適用災害類別」欄位為空,,需補填
18,石牌社區活動中心,桃園市新屋區,座標精度不足,緯度為整數 26，疑似小數被截斷,"(121.051297, 26)",需補回完整小數
29,空軍第737戰術戰鬥機聯隊,臺東縣臺東市,座標精度不足,緯度為整數 27，疑似小數被截斷,"(119.752122, 27)",需補回完整小數
152,僑德國小,屏東縣枋寮鄉,座標精度偏低,小數位數僅 1 位,"(120.6, 22.3631)",精度約百公尺級，建議提高
694,高雄市彌陀區南安國民小學（備用）,高雄市彌陀區,座標零值,經度為 0，資料缺失,"(0, 22.764013)",需補填正確經度
793,高雄市立南隆國民中學,高雄市美濃區,座標零值,經度為 0，資料缺失,"(0, 22.866835)",需補填正確經度
811,國立旗美高級中學（備用）,高雄市旗山區,座標零值,經度為 0，資料缺失,"(0, 22.8845)",需補填正確經度
1023,寶山國小,彰化縣芬園鄉,座標精度不足,緯度為整數 23，疑似小數被截斷,"(120, 23)",需補回完整小數
1024,同安國小,彰化縣芬園鄉,座標精度不足,緯度為整數 23，疑似小數被截斷,"(120, 23)",需補回完整小數
1073,臺南市北區文元國小,臺南市北區,座標精度偏低,小數位數僅 1 位,"(120.2, 23.0154)",精度約百公尺級，建議提高
1817,垂楊國民小學,嘉義市西區,座標精度偏低,小數位數僅 1 位,"(120.4, 23.4723)",精度約百公尺級，建議提高
2555,源泉國小活動中心,彰化縣二水鄉,座標精度偏低,小數位數僅 1 位,"(120.6424, 23.8)",精度約百公尺級，建議提高
2682,東仁社區活動中心,南投縣名間鄉,座標精度偏低,小數位數僅 1 位,"(120.7, 23.8652)",精度約百公尺級，建議提高
3023,北山社區活動中心,南投縣國姓鄉,座標超出範圍,經度 117.874241 不在台灣範圍 (118~123),"(117.874241, 23.982156)",確認是否少打一位數
3083,里德社區活動中心,屏東縣滿州鄉,座標精度不足,緯度為整數 24，疑似小數被截斷,"(118, 24)",需補回完整小數
3084,德安市民活動中心,新北市新店區,座標精度不足,緯度為整數 24，疑似小數被截斷,"(121, 24)",需補回完整小數
3326,和美鎮立幼兒園,彰化縣和美鎮,座標精度偏低,小數位數僅 1 位,"(120.5, 24.11)",精度約百公尺級，建議提高
4022,龍德社區活動中心,宜蘭縣蘇澳鎮,座標精度偏低,小數位數僅 1 位,"(121.8, 24.6)",精度約百公尺級，建議提高
4348,?後活動中心,宜蘭縣壯圍鄉,座標精度偏低,小數位數僅 1 位,"(121.8, 24.7706)",精度約百公尺級，建議提高
5031,忠孝國小,彰化縣彰化市,座標精度不足,緯度為整數 25，疑似小數被截斷,"(120, 25)",需補回完整小數
5032,士東國小,臺北市士林區,座標精度不足,緯度為整數 25，疑似小數被截斷,"(121, 25)",需補回完整小數
5947,礁溪鄉公所二樓,宜蘭縣礁溪鄉,座標超出範圍,經度 117.8236 不在台灣範圍 (118~123),"(117.8236, 25.7717)",確認是否少打一位數
336,金湯營區,高雄市鳳山區,座標重複,與「中正營區」共用相同座標,"(120.3623, 22.6077)",各避難所應有獨立座標
337,中正營區,高雄市鳳山區,座標重複,與「金湯營區」共用相同座標,"(120.3623, 22.6077)",各避難所應有獨立座標
358,順安府,臺東縣太麻里鄉,座標重複,與「太麻里鄉老人會館」共用相同座標,"(120.993368, 22.614936)",各避難所應有獨立座標
359,太麻里鄉老人會館,臺東縣太麻里鄉,座標重複,與「順安府」共用相同座標,"(120.993368, 22.614936)",各避難所應有獨立座標
381,高雄市政府社會局安琪兒家園,高雄市苓雅區,座標重複,與「高雄市政府社會局陽光家園」共用相同座標,"(120.312, 22.6205)",各避難所應有獨立座標
382,高雄市政府社會局陽光家園,高雄市苓雅區,座標重複,與「高雄市政府社會局安琪兒家園」共用相同座標,"(120.312, 22.6205)",各避難所應有獨立座標
391,翁園里社區活動中心,高雄市大寮區,座標重複,與「高雄市大寮區翁園國民小學」共用相同座標,"(120.408663, 22.623246)",各避難所應有獨立座標
392,高雄市大寮區翁園國民小學,高雄市大寮區,座標重複,與「翁園里社區活動中心」共用相同座標,"(120.408663, 22.623246)",各避難所應有獨立座標
478,麟洛鄉圖書館,屏東縣麟洛鄉,座標重複,與「麟洛國小」共用相同座標,"(120.5272, 22.6507)",各避難所應有獨立座標
479,麟洛國小,屏東縣麟洛鄉,座標重複,與「麟洛鄉圖書館」共用相同座標,"(120.5272, 22.6507)",各避難所應有獨立座標
622,高雄市左營區莒光國民小學,高雄市左營區,座標重複,與「高雄市楠梓區莒光國民小學」共用相同座標,"(120.295275, 22.711558)",各避難所應有獨立座標
623,高雄市楠梓區莒光國民小學,高雄市楠梓區,座標重複,與「高雄市左營區莒光國民小學」共用相同座標,"(120.295275, 22.711558)",各避難所應有獨立座標
759,富山村活動中心,臺東縣卑南鄉,座標重複,與「富山國民小學」共用相同座標,"(121.190095, 22.821416)",各避難所應有獨立座標
760,富山國民小學,臺東縣卑南鄉,座標重複,與「富山村活動中心」共用相同座標,"(121.190095, 22.821416)",各避難所應有獨立座標
891,瑞源社區活動中心,臺東縣鹿野鄉,座標重複,與「瑞隆社區活動中心」共用相同座標,"(121.1562, 22.955)",各避難所應有獨立座標
892,瑞隆社區活動中心,臺東縣鹿野鄉,座標重複,與「瑞源社區活動中心」共用相同座標,"(121.1562, 22.955)",各避難所應有獨立座標
982,臺南市中西區中頭社區活動中心,臺南市中西區,座標重複,與「臺南市中西區民生社區活動中心」共用相同座標,"(120.1913, 22.9912)",各避難所應有獨立座標
983,臺南市中西區民生社區活動中心,臺南市中西區,座標重複,與「臺南市中西區中頭社區活動中心」共用相同座標,"(120.1913, 22.9912)",各避難所應有獨立座標
1023,寶山國小,彰化縣芬園鄉,座標重複,與「同安國小」共用相同座標,"(120, 23)",各避難所應有獨立座標
1024,同安國小,彰化縣芬園鄉,座標重複,與「寶山國小」共用相同座標,"(120, 23)",各避難所應有獨立座標
1143,豐泉活動中心,臺東縣關山鎮,座標重複,與「關山鎮德高國民小學」共用相同座標,"(121.1536, 23.0533)",各避難所應有獨立座標
1144,關山鎮德高國民小學,臺東縣關山鎮,座標重複,與「豐泉活動中心」共用相同座標,"(121.1536, 23.0533)",各避難所應有獨立座標
1191,臺南市新市區新市國中育樂堂,臺南市新市區,座標重複,與「臺南市新市區新市國中操場」共用相同座標,"(120.3005, 23.0834)",各避難所應有獨立座標
1192,臺南市新市區新市國中操場,臺南市新市區,座標重複,與「臺南市新市區新市國中育樂堂」共用相同座標,"(120.3005, 23.0834)",各避難所應有獨立座標
1287,高中社區活動中心,高雄市桃源區,座標重複,與「高雄市桃源區興中國民小學」共用相同座標,"(120.719, 23.1286)",各避難所應有獨立座標
1288,高雄市桃源區興中國民小學,高雄市桃源區,座標重複,與「高中社區活動中心」共用相同座標,"(120.719, 23.1286)",各避難所應有獨立座標
1417,台灣基督長老教會南布中會復興教會,高雄市桃源區,座標重複,與「高雄市桃源區樟山國民小學復興分校」共用相同座標,"(120.8046, 23.218)",各避難所應有獨立座標
1418,高雄市桃源區樟山國民小學復興分校,高雄市桃源區,座標重複,與「台灣基督長老教會南布中會復興教會」共用相同座標,"(120.8046, 23.218)",各避難所應有獨立座標
1464,長濱聯合村辦公處,臺東縣長濱鄉,座標重複,與「寧埔社區活動中心、竹湖國民小學」共用相同座標,"(121.416268, 23.244736)",各避難所應有獨立座標
1465,寧埔社區活動中心,臺東縣長濱鄉,座標重複,與「長濱聯合村辦公處、竹湖國民小學」共用相同座標,"(121.416268, 23.244736)",各避難所應有獨立座標
1466,竹湖國民小學,臺東縣長濱鄉,座標重複,與「長濱聯合村辦公處、寧埔社區活動中心」共用相同座標,"(121.416268, 23.244736)",各避難所應有獨立座標
1467,樟原國民小學,臺東縣長濱鄉,座標重複,與「長濱聯合村辦公處、寧埔社區活動中心」共用相同座標,"(121.416268, 23.244736)",各避難所應有獨立座標
1480,臺南市柳營區果毅後多功活動中心廣場,臺南市柳營區,座標重複,與「臺南市柳營區果毅後多功活動中心」共用相同座標,"(120.3672, 23.2571)",各避難所應有獨立座標
1481,臺南市柳營區果毅後多功活動中心,臺南市柳營區,座標重複,與「臺南市柳營區果毅後多功活動中心廣場」共用相同座標,"(120.3672, 23.2571)",各避難所應有獨立座標
1497,臺南市柳營區圖書館,臺南市柳營區,座標重複,與「臺南市柳營區公所」共用相同座標,"(120.3124, 23.2773)",各避難所應有獨立座標
1498,臺南市柳營區公所,臺南市柳營區,座標重複,與「臺南市柳營區圖書館」共用相同座標,"(120.3124, 23.2773)",各避難所應有獨立座標
1499,臺南市柳營區柳營聯合活動中心,臺南市柳營區,座標重複,與「臺南市柳營區聯合活動中心廣場」共用相同座標,"(120.3178, 23.2775)",各避難所應有獨立座標
1500,臺南市柳營區聯合活動中心廣場,臺南市柳營區,座標重複,與「臺南市柳營區柳營聯合活動中心」共用相同座標,"(120.3178, 23.2775)",各避難所應有獨立座標
1515,臺南市柳營區小腳腿多功活動中心廣場,臺南市柳營區,座標重複,與「臺南市柳營區小腳腿多功活動中心」共用相同座標,"(120.368, 23.2902)",各避難所應有獨立座標
1516,臺南市柳營區小腳腿多功活動中心,臺南市柳營區,座標重複,與「臺南市柳營區小腳腿多功活動中心廣場」共用相同座標,"(120.368, 23.2902)",各避難所應有獨立座標
1520,大埔國中小國中室內,嘉義縣大埔鄉,座標重複,與「大埔國中小國中室外」共用相同座標,"(120.591, 23.2933)",各避難所應有獨立座標
1521,大埔國中小國中室外,嘉義縣大埔鄉,座標重複,與「大埔國中小國中室內」共用相同座標,"(120.591, 23.2933)",各避難所應有獨立座標
1524,大埔國中小國小室內,嘉義縣大埔鄉,座標重複,與「大埔國中小國小室外」共用相同座標,"(120.5917, 23.2944)",各避難所應有獨立座標
1525,大埔國中小國小室外,嘉義縣大埔鄉,座標重複,與「大埔國中小國小室內」共用相同座標,"(120.5917, 23.2944)",各避難所應有獨立座標
1539,過路國小-室內,嘉義縣義竹鄉,座標重複,與「過路國小-室外」共用相同座標,"(120.2082, 23.3064)",各避難所應有獨立座標
1540,過路國小-室外,嘉義縣義竹鄉,座標重複,與「過路國小-室內」共用相同座標,"(120.2082, 23.3064)",各避難所應有獨立座標
1581,義竹國小中正堂,嘉義縣義竹鄉,座標重複,與「義竹國小-室外」共用相同座標,"(120.2456, 23.3359)",各避難所應有獨立座標
1582,義竹國小-室外,嘉義縣義竹鄉,座標重複,與「義竹國小中正堂」共用相同座標,"(120.2456, 23.3359)",各避難所應有獨立座標
1583,南興國小東華分校-室內,嘉義縣義竹鄉,座標重複,與「南興國小東華分校-室外」共用相同座標,"(120.2463, 23.3368)",各避難所應有獨立座標
1584,南興國小東華分校-室外,嘉義縣義竹鄉,座標重複,與「南興國小東華分校-室內」共用相同座標,"(120.2463, 23.3368)",各避難所應有獨立座標
1604,白河區公所,臺南市白河區,座標重複,與「白河國小」共用相同座標,"(120.4157, 23.351)",各避難所應有獨立座標
1605,白河國小,臺南市白河區,座標重複,與「白河區公所」共用相同座標,"(120.4157, 23.351)",各避難所應有獨立座標
1612,布袋國中-室內,嘉義縣布袋鎮,座標重複,與「布袋國中-室外」共用相同座標,"(120.1809, 23.3595)",各避難所應有獨立座標
1613,布袋國中-室外,嘉義縣布袋鎮,座標重複,與「布袋國中-室內」共用相同座標,"(120.1809, 23.3595)",各避難所應有獨立座標
1620,西平社區活動中心,彰化縣二林鎮,座標重複,與「香田國小、中西社區活動中心」共用相同座標,"(120.366378, 23.366378)",各避難所應有獨立座標
1621,香田國小,彰化縣二林鎮,座標重複,與「西平社區活動中心、中西社區活動中心」共用相同座標,"(120.366378, 23.366378)",各避難所應有獨立座標
1622,中西社區活動中心,彰化縣二林鎮,座標重複,與「西平社區活動中心、香田國小」共用相同座標,"(120.366378, 23.366378)",各避難所應有獨立座標
1623,廣興國小,彰化縣二林鎮,座標重複,與「西平社區活動中心、香田國小」共用相同座標,"(120.366378, 23.366378)",各避難所應有獨立座標
1624,老人文康活動中心,彰化縣二林鎮,座標重複,與「西平社區活動中心、香田國小」共用相同座標,"(120.366378, 23.366378)",各避難所應有獨立座標
1627,頂六國小活動中心-室內,嘉義縣中埔鄉,座標重複,與「中埔國小-室外」共用相同座標,"(120.509, 23.3703)",各避難所應有獨立座標
1628,中埔國小-室外,嘉義縣中埔鄉,座標重複,與「頂六國小活動中心-室內」共用相同座標,"(120.509, 23.3703)",各避難所應有獨立座標
1643,光榮國小-室內,嘉義縣義竹鄉,座標重複,與「光榮國小-室外」共用相同座標,"(120.2474, 23.3795)",各避難所應有獨立座標
1644,光榮國小-室外,嘉義縣義竹鄉,座標重複,與「光榮國小-室內」共用相同座標,"(120.2474, 23.3795)",各避難所應有獨立座標
1648,中埔國小活動中心-室內,嘉義縣中埔鄉,座標重複,與「同仁國小 室外」共用相同座標,"(120.5307, 23.3815)",各避難所應有獨立座標
1649,同仁國小 室外,嘉義縣中埔鄉,座標重複,與「中埔國小活動中心-室內」共用相同座標,"(120.5307, 23.3815)",各避難所應有獨立座標
1653,布袋國小-室內,嘉義縣布袋鎮,座標重複,與「布袋國小-室外」共用相同座標,"(120.1712, 23.3824)",各避難所應有獨立座標
1654,布袋國小-室外,嘉義縣布袋鎮,座標重複,與「布袋國小-室內」共用相同座標,"(120.1712, 23.3824)",各避難所應有獨立座標
1668,和睦國小 室外,嘉義縣中埔鄉,座標重複,與「和興國小-室外」共用相同座標,"(120.5121, 23.4036)",各避難所應有獨立座標
1669,和興國小-室外,嘉義縣中埔鄉,座標重複,與「和睦國小 室外」共用相同座標,"(120.5121, 23.4036)",各避難所應有獨立座標
1670,重寮社區活動中心,嘉義縣鹿草鄉,座標重複,與「後堀社區活動中心」共用相同座標,"(120.341819, 23.404675)",各避難所應有獨立座標
1671,後堀社區活動中心,嘉義縣鹿草鄉,座標重複,與「重寮社區活動中心」共用相同座標,"(120.341819, 23.404675)",各避難所應有獨立座標
1693,東興社區活動中心,嘉義縣中埔鄉,座標重複,與「灣潭國小視聽教室-室內」共用相同座標,"(120.5216, 23.4242)",各避難所應有獨立座標
1694,灣潭國小視聽教室-室內,嘉義縣中埔鄉,座標重複,與「東興社區活動中心」共用相同座標,"(120.5216, 23.4242)",各避難所應有獨立座標
1708,隙頂國小-室外,嘉義縣番路鄉,座標重複,與「隙頂國民小學-室內」共用相同座標,"(120.6601, 23.4298)",各避難所應有獨立座標
1709,隙頂國民小學-室內,嘉義縣番路鄉,座標重複,與「隙頂國小-室外」共用相同座標,"(120.6601, 23.4298)",各避難所應有獨立座標
1715,網寮國小-室內,嘉義縣東石鄉,座標重複,與「網寮國小-室外」共用相同座標,"(120.1525, 23.4361)",各避難所應有獨立座標
1716,網寮國小-室外,嘉義縣東石鄉,座標重複,與「網寮國小-室內」共用相同座標,"(120.1525, 23.4361)",各避難所應有獨立座標
1717,龍崗國小-室內,嘉義縣東石鄉,座標重複,與「龍崗國小-室外」共用相同座標,"(120.1832, 23.4363)",各避難所應有獨立座標
1718,龍崗國小-室外,嘉義縣東石鄉,座標重複,與「龍崗國小-室內」共用相同座標,"(120.1832, 23.4363)",各避難所應有獨立座標
1719,古楓社區活動中心,花蓮縣卓溪鄉,座標重複,與「立山社區活動中心」共用相同座標,"(121.332, 23.4363)",各避難所應有獨立座標
1720,立山社區活動中心,花蓮縣卓溪鄉,座標重複,與「古楓社區活動中心」共用相同座標,"(121.332, 23.4363)",各避難所應有獨立座標
1723,大埔國小永興分校-室外,嘉義縣番路鄉,座標重複,與「龍隱寺-室外」共用相同座標,"(120.6072, 23.4384)",各避難所應有獨立座標
1724,龍隱寺-室外,嘉義縣番路鄉,座標重複,與「大埔國小永興分校-室外」共用相同座標,"(120.6072, 23.4384)",各避難所應有獨立座標
1740,大有國小-室外,嘉義縣中埔鄉,座標重複,與「中山國小 室外」共用相同座標,"(120.4958, 23.4456)",各避難所應有獨立座標
1741,中山國小 室外,嘉義縣中埔鄉,座標重複,與「大有國小-室外」共用相同座標,"(120.4958, 23.4456)",各避難所應有獨立座標
1756,田尾社區活動中心,嘉義縣太保市,座標重複,與「太保國小[室外]」共用相同座標,"(120.3316, 23.455)",各避難所應有獨立座標
1757,太保國小[室外],嘉義縣太保市,座標重複,與「田尾社區活動中心」共用相同座標,"(120.3316, 23.455)",各避難所應有獨立座標
1769,安東國小[室內],嘉義縣太保市,座標重複,與「安東國小[室外]」共用相同座標,"(120.3098, 23.4589)",各避難所應有獨立座標
1770,安東國小[室外],嘉義縣太保市,座標重複,與「安東國小[室內]」共用相同座標,"(120.3098, 23.4589)",各避難所應有獨立座標
1776,東石國小-室外,嘉義縣東石鄉,座標重複,與「東石國小-室內」共用相同座標,"(120.1543, 23.461)",各避難所應有獨立座標
1777,東石國小-室內,嘉義縣東石鄉,座標重複,與「東石國小-室外」共用相同座標,"(120.1543, 23.461)",各避難所應有獨立座標
1780,東榮國中-室內,嘉義縣東石鄉,座標重複,與「東榮國中-室外」共用相同座標,"(120.1727, 23.4619)",各避難所應有獨立座標
1781,東榮國中-室外,嘉義縣東石鄉,座標重複,與「東榮國中-室內」共用相同座標,"(120.1727, 23.4619)",各避難所應有獨立座標
1785,港墘國小-室內,嘉義縣東石鄉,座標重複,與「港墘國小-室外」共用相同座標,"(120.2138, 23.4638)",各避難所應有獨立座標
1786,港墘國小-室外,嘉義縣東石鄉,座標重複,與「港墘國小-室內」共用相同座標,"(120.2138, 23.4638)",各避難所應有獨立座標
1799,桃源國小[室內],嘉義縣竹崎鄉,座標重複,與「桃源國小[戶外]」共用相同座標,"(120.6656, 23.4674)",各避難所應有獨立座標
1800,桃源國小[戶外],嘉義縣竹崎鄉,座標重複,與「桃源國小[室內]」共用相同座標,"(120.6656, 23.4674)",各避難所應有獨立座標
1809,三江國小-室內,嘉義縣東石鄉,座標重複,與「三江國小-室外」共用相同座標,"(120.1744, 23.4713)",各避難所應有獨立座標
1810,三江國小-室外,嘉義縣東石鄉,座標重複,與「三江國小-室內」共用相同座標,"(120.1744, 23.4713)",各避難所應有獨立座標
1811,塭港國小-室內,嘉義縣東石鄉,座標重複,與「塭港國小-室外」共用相同座標,"(120.1459, 23.4717)",各避難所應有獨立座標
1812,塭港國小-室外,嘉義縣東石鄉,座標重複,與「塭港國小-室內」共用相同座標,"(120.1459, 23.4717)",各避難所應有獨立座標
1819,義仁國小[室內],嘉義縣竹崎鄉,座標重複,與「義仁國小[戶外]、鹿滿國小[戶外]」共用相同座標,"(120.6703, 23.4726)",各避難所應有獨立座標
1820,義仁國小[戶外],嘉義縣竹崎鄉,座標重複,與「義仁國小[室內]、鹿滿國小[戶外]」共用相同座標,"(120.6703, 23.4726)",各避難所應有獨立座標
1821,鹿滿國小[戶外],嘉義縣竹崎鄉,座標重複,與「義仁國小[室內]、義仁國小[戶外]」共用相同座標,"(120.6703, 23.4726)",各避難所應有獨立座標
1824,龍山國小[室內],嘉義縣竹崎鄉,座標重複,與「龍山國小[戶外]」共用相同座標,"(120.586, 23.4735)",各避難所應有獨立座標
1825,龍山國小[戶外],嘉義縣竹崎鄉,座標重複,與「龍山國小[室內]」共用相同座標,"(120.586, 23.4735)",各避難所應有獨立座標
1831,大湖國小-室內,嘉義縣番路鄉,座標重複,與「大湖國小-室外」共用相同座標,"(120.6204, 23.475)",各避難所應有獨立座標
1832,大湖國小-室外,嘉義縣番路鄉,座標重複,與「大湖國小-室內」共用相同座標,"(120.6204, 23.475)",各避難所應有獨立座標
1834,內埔國小[室內],嘉義縣竹崎鄉,座標重複,與「內埔國小[戶外]」共用相同座標,"(120.5646, 23.4756)",各避難所應有獨立座標
1835,內埔國小[戶外],嘉義縣竹崎鄉,座標重複,與「內埔國小[室內]」共用相同座標,"(120.5646, 23.4756)",各避難所應有獨立座標
1836,民族國民小學,嘉義市東區,座標重複,與「大業國民中學」共用相同座標,"(120.4552, 23.476)",各避難所應有獨立座標
1837,大業國民中學,嘉義市東區,座標重複,與「民族國民小學」共用相同座標,"(120.4552, 23.476)",各避難所應有獨立座標
1841,東區區公所,嘉義市東區,座標重複,與「嘉義市立棒球場」共用相同座標,"(120.4534, 23.4787)",各避難所應有獨立座標
1842,嘉義市立棒球場,嘉義市東區,座標重複,與「東區區公所」共用相同座標,"(120.4534, 23.4787)",各避難所應有獨立座標
1853,圓崇國小[室內],嘉義縣竹崎鄉,座標重複,與「圓崇國小[戶外]」共用相同座標,"(120.5578, 23.4853)",各避難所應有獨立座標
1854,圓崇國小[戶外],嘉義縣竹崎鄉,座標重複,與「圓崇國小[室內]」共用相同座標,"(120.5578, 23.4853)",各避難所應有獨立座標
1857,復金社區活動中心,嘉義縣竹崎鄉,座標重複,與「龍山社區活動中心」共用相同座標,"(120.5152, 23.4867)",各避難所應有獨立座標
1858,龍山社區活動中心,嘉義縣竹崎鄉,座標重複,與「復金社區活動中心」共用相同座標,"(120.5152, 23.4867)",各避難所應有獨立座標
1859,光華國小[室內],嘉義縣竹崎鄉,座標重複,與「光華國小[戶外]」共用相同座標,"(120.5759, 23.4869)",各避難所應有獨立座標
1860,光華國小[戶外],嘉義縣竹崎鄉,座標重複,與「光華國小[室內]」共用相同座標,"(120.5759, 23.4869)",各避難所應有獨立座標
1863,下楫國小-室內,嘉義縣東石鄉,座標重複,與「下楫國小-室外」共用相同座標,"(120.1965, 23.4875)",各避難所應有獨立座標
1864,下楫國小-室外,嘉義縣東石鄉,座標重複,與「下楫國小-室內」共用相同座標,"(120.1965, 23.4875)",各避難所應有獨立座標
1890,春梅社區活動中心,嘉義縣太保市,座標重複,與「太保國小[室內]」共用相同座標,"(120.3867, 23.4952)",各避難所應有獨立座標
1891,太保國小[室內],嘉義縣太保市,座標重複,與「春梅社區活動中心」共用相同座標,"(120.3867, 23.4952)",各避難所應有獨立座標
1893,南新國小[室內],嘉義縣太保市,座標重複,與「南新國小[室外]」共用相同座標,"(120.3845, 23.497)",各避難所應有獨立座標
1894,南新國小[室外],嘉義縣太保市,座標重複,與「南新國小[室內]」共用相同座標,"(120.3845, 23.497)",各避難所應有獨立座標
1896,中和國小[室內],嘉義縣竹崎鄉,座標重複,與「中和國小[戶外]、沙坑國小[戶外]」共用相同座標,"(120.5344, 23.4988)",各避難所應有獨立座標
1897,中和國小[戶外],嘉義縣竹崎鄉,座標重複,與「中和國小[室內]、沙坑國小[戶外]」共用相同座標,"(120.5344, 23.4988)",各避難所應有獨立座標
1898,沙坑國小[戶外],嘉義縣竹崎鄉,座標重複,與「中和國小[室內]、中和國小[戶外]」共用相同座標,"(120.5344, 23.4988)",各避難所應有獨立座標
1909,六嘉國中禮堂-室內,嘉義縣六腳鄉,座標重複,與「六嘉國中-室外」共用相同座標,"(120.292165, 23.501676)",各避難所應有獨立座標
1910,六嘉國中-室外,嘉義縣六腳鄉,座標重複,與「六嘉國中禮堂-室內」共用相同座標,"(120.292165, 23.501676)",各避難所應有獨立座標
1916,昇平國中[室內],嘉義縣竹崎鄉,座標重複,與「昇平國中[戶外]」共用相同座標,"(120.499, 23.5069)",各避難所應有獨立座標
1917,昇平國中[戶外],嘉義縣竹崎鄉,座標重複,與「昇平國中[室內]」共用相同座標,"(120.499, 23.5069)",各避難所應有獨立座標
1920,六腳國小-室內,嘉義縣六腳鄉,座標重複,與「六腳國小-室外」共用相同座標,"(120.251814, 23.509078)",各避難所應有獨立座標
1921,六腳國小-室外,嘉義縣六腳鄉,座標重複,與「六腳國小-室內」共用相同座標,"(120.251814, 23.509078)",各避難所應有獨立座標
1922,福興村廣興宮室內,嘉義縣民雄鄉,座標重複,與「福興村廣興宮室外」共用相同座標,"(120.4259, 23.5097)",各避難所應有獨立座標
1923,福興村廣興宮室外,嘉義縣民雄鄉,座標重複,與「福興村廣興宮室內」共用相同座標,"(120.4259, 23.5097)",各避難所應有獨立座標
1927,大崎國小-室外,嘉義縣民雄鄉,座標重複,與「大崎國小-室內」共用相同座標,"(120.4722, 23.5117)",各避難所應有獨立座標
1928,大崎國小-室內,嘉義縣民雄鄉,座標重複,與「大崎國小-室外」共用相同座標,"(120.4722, 23.5117)",各避難所應有獨立座標
1933,安和國小室內,嘉義縣新港鄉,座標重複,與「安和國小室外」共用相同座標,"(120.3129, 23.5147)",各避難所應有獨立座標
1934,安和國小室外,嘉義縣新港鄉,座標重複,與「安和國小室內」共用相同座標,"(120.3129, 23.5147)",各避難所應有獨立座標
1935,中興國小[室內],嘉義縣竹崎鄉,座標重複,與「中興國小[戶外]」共用相同座標,"(120.6063, 23.5149)",各避難所應有獨立座標
1936,中興國小[戶外],嘉義縣竹崎鄉,座標重複,與「中興國小[室內]」共用相同座標,"(120.6063, 23.5149)",各避難所應有獨立座標
1937,大吉國中-室外,嘉義縣民雄鄉,座標重複,與「大吉國中-室內」共用相同座標,"(120.4874, 23.5155)",各避難所應有獨立座標
1938,大吉國中-室內,嘉義縣民雄鄉,座標重複,與「大吉國中-室外」共用相同座標,"(120.4874, 23.5155)",各避難所應有獨立座標
1943,月眉國小室內,嘉義縣新港鄉,座標重複,與「月眉國小室外」共用相同座標,"(120.3517, 23.5202)",各避難所應有獨立座標
1944,月眉國小室外,嘉義縣新港鄉,座標重複,與「月眉國小室內」共用相同座標,"(120.3517, 23.5202)",各避難所應有獨立座標
1945,義和社區活動中心,嘉義縣竹崎鄉,座標重複,與「義隆社區活動中心」共用相同座標,"(120.5532, 23.5213)",各避難所應有獨立座標
1946,義隆社區活動中心,嘉義縣竹崎鄉,座標重複,與「義和社區活動中心」共用相同座標,"(120.5532, 23.5213)",各避難所應有獨立座標
1947,坑頭村活動中心,嘉義縣竹崎鄉,座標重複,與「光華社區活動中心、嘉義縣竹崎鄉昇平村收容所暨防災物資整備所」共用相同座標,"(120.5544, 23.5214)",各避難所應有獨立座標
1948,光華社區活動中心,嘉義縣竹崎鄉,座標重複,與「坑頭村活動中心、嘉義縣竹崎鄉昇平村收容所暨防災物資整備所」共用相同座標,"(120.5544, 23.5214)",各避難所應有獨立座標
1949,嘉義縣竹崎鄉昇平村收容所暨防災物資整備所,嘉義縣竹崎鄉,座標重複,與「坑頭村活動中心、光華社區活動中心」共用相同座標,"(120.5544, 23.5214)",各避難所應有獨立座標
1956,興中國小-室外,嘉義縣民雄鄉,座標重複,與「興中國小-室內」共用相同座標,"(120.42, 23.5266)",各避難所應有獨立座標
1957,興中國小-室內,嘉義縣民雄鄉,座標重複,與「興中國小-室外」共用相同座標,"(120.42, 23.5266)",各避難所應有獨立座標
1961,福樂國小教室,嘉義縣民雄鄉,座標重複,與「福樂國小操場」共用相同座標,"(120.452072, 23.528949)",各避難所應有獨立座標
1962,福樂國小操場,嘉義縣民雄鄉,座標重複,與「福樂國小教室」共用相同座標,"(120.452072, 23.528949)",各避難所應有獨立座標
1980,松山國小-室外,嘉義縣民雄鄉,座標重複,與「松山國小3樓多功能教室有電梯」共用相同座標,"(120.4751, 23.5403)",各避難所應有獨立座標
1981,松山國小3樓多功能教室有電梯,嘉義縣民雄鄉,座標重複,與「松山國小-室外」共用相同座標,"(120.4751, 23.5403)",各避難所應有獨立座標
1994,文昌國小室內,嘉義縣新港鄉,座標重複,與「文昌國小室外」共用相同座標,"(120.3505, 23.5537)",各避難所應有獨立座標
1995,文昌國小室外,嘉義縣新港鄉,座標重複,與「文昌國小室內」共用相同座標,"(120.3505, 23.5537)",各避難所應有獨立座標
1997,民雄國小-室外,嘉義縣民雄鄉,座標重複,與「民雄國小-室內」共用相同座標,"(120.4294, 23.5551)",各避難所應有獨立座標
1998,民雄國小-室內,嘉義縣民雄鄉,座標重複,與「民雄國小-室外」共用相同座標,"(120.4294, 23.5551)",各避難所應有獨立座標
2000,新港國小室內,嘉義縣新港鄉,座標重複,與「新港國小室外」共用相同座標,"(120.345, 23.5557)",各避難所應有獨立座標
2001,新港國小室外,嘉義縣新港鄉,座標重複,與「新港國小室內」共用相同座標,"(120.345, 23.5557)",各避難所應有獨立座標
2007,民雄國中-室外,嘉義縣民雄鄉,座標重複,與「民雄國中-室內」共用相同座標,"(120.4207, 23.5574)",各避難所應有獨立座標
2008,民雄國中-室內,嘉義縣民雄鄉,座標重複,與「民雄國中-室外」共用相同座標,"(120.4207, 23.5574)",各避難所應有獨立座標
2009,北美國小-室內,嘉義縣六腳鄉,座標重複,與「北美國小-室外」共用相同座標,"(120.303813, 23.55746)",各避難所應有獨立座標
2010,北美國小-室外,嘉義縣六腳鄉,座標重複,與「北美國小-室內」共用相同座標,"(120.303813, 23.55746)",各避難所應有獨立座標
2011,東榮國小-室外,嘉義縣民雄鄉,座標重複,與「東榮國小-室內」共用相同座標,"(120.4349, 23.5576)",各避難所應有獨立座標
2012,東榮國小-室內,嘉義縣民雄鄉,座標重複,與「東榮國小-室外」共用相同座標,"(120.4349, 23.5576)",各避難所應有獨立座標
2013,三興國小-室外,嘉義縣民雄鄉,座標重複,與「三興國小-室內」共用相同座標,"(120.4819, 23.5578)",各避難所應有獨立座標
2014,三興國小-室內,嘉義縣民雄鄉,座標重複,與「三興國小-室外」共用相同座標,"(120.4819, 23.5578)",各避難所應有獨立座標
2016,新港國中室內,嘉義縣新港鄉,座標重複,與「新港國中室外」共用相同座標,"(120.3438, 23.5584)",各避難所應有獨立座標
2017,新港國中室外,嘉義縣新港鄉,座標重複,與「新港國中室內」共用相同座標,"(120.3438, 23.5584)",各避難所應有獨立座標
2018,菁埔國小二樓活動中心,嘉義縣民雄鄉,座標重複,與「菁埔國小操場」共用相同座標,"(120.397377, 23.558682)",各避難所應有獨立座標
2019,菁埔國小操場,嘉義縣民雄鄉,座標重複,與「菁埔國小二樓活動中心」共用相同座標,"(120.397377, 23.558682)",各避難所應有獨立座標
2022,藝術高中室內,嘉義縣新港鄉,座標重複,與「藝術高中室外」共用相同座標,"(120.349, 23.5604)",各避難所應有獨立座標
2023,藝術高中室外,嘉義縣新港鄉,座標重複,與「藝術高中室內」共用相同座標,"(120.349, 23.5604)",各避難所應有獨立座標
2025,太平社區活動中心,嘉義縣梅山鄉,座標重複,與「太平國小[室外]」共用相同座標,"(120.6069, 23.561)",各避難所應有獨立座標
2026,太平國小[室外],嘉義縣梅山鄉,座標重複,與「太平社區活動中心」共用相同座標,"(120.6069, 23.561)",各避難所應有獨立座標
2032,六興宮室外,嘉義縣新港鄉,座標重複,與「六興宮室內」共用相同座標,"(120.3143, 23.5622)",各避難所應有獨立座標
2033,六興宮室內,嘉義縣新港鄉,座標重複,與「六興宮室外」共用相同座標,"(120.3143, 23.5622)",各避難所應有獨立座標
2034,古民國小室內,嘉義縣新港鄉,座標重複,與「古民國小室外」共用相同座標,"(120.3491, 23.5623)",各避難所應有獨立座標
2035,古民國小室外,嘉義縣新港鄉,座標重複,與「古民國小室內」共用相同座標,"(120.3491, 23.5623)",各避難所應有獨立座標
2103,復興國小室內,嘉義縣新港鄉,座標重複,與「復興國小室外」共用相同座標,"(120.3572, 23.5899)",各避難所應有獨立座標
2104,復興國小室外,嘉義縣新港鄉,座標重複,與「復興國小室內」共用相同座標,"(120.3572, 23.5899)",各避難所應有獨立座標
2127,頂湖國小,雲林縣口湖鄉,座標重複,與「鎮安宮」共用相同座標,"(120.179136, 23.5999)",各避難所應有獨立座標
2128,鎮安宮,雲林縣口湖鄉,座標重複,與「頂湖國小」共用相同座標,"(120.179136, 23.5999)",各避難所應有獨立座標
2137,溪口國小室內,嘉義縣溪口鄉,座標重複,與「溪口國小室外」共用相同座標,"(120.394218, 23.604503)",各避難所應有獨立座標
2138,溪口國小室外,嘉義縣溪口鄉,座標重複,與「溪口國小室內」共用相同座標,"(120.394218, 23.604503)",各避難所應有獨立座標
2150,埔北社區活動中心,雲林縣口湖鄉,座標重複,與「興安府」共用相同座標,"(120.19068, 23.613542)",各避難所應有獨立座標
2151,興安府,雲林縣口湖鄉,座標重複,與「埔北社區活動中心」共用相同座標,"(120.19068, 23.613542)",各避難所應有獨立座標
2190,四湖鄉立幼兒園,雲林縣四湖鄉,座標重複,與「舊戶政事務所、四湖鄉飛沙集會所避難收容場所」共用相同座標,"(120.2243, 23.6381)",各避難所應有獨立座標
2191,舊戶政事務所,雲林縣四湖鄉,座標重複,與「四湖鄉立幼兒園、四湖鄉飛沙集會所避難收容場所」共用相同座標,"(120.2243, 23.6381)",各避難所應有獨立座標
2192,四湖鄉飛沙集會所避難收容場所,雲林縣四湖鄉,座標重複,與「四湖鄉立幼兒園、舊戶政事務所」共用相同座標,"(120.2243, 23.6381)",各避難所應有獨立座標
2312,虎尾科技大學第四期教室,雲林縣虎尾鎮,座標重複,與「虎尾科技大學第三期教室、虎尾科技大學第ㄧ期教室」共用相同座標,"(120.4296, 23.7017)",各避難所應有獨立座標
2313,虎尾科技大學第三期教室,雲林縣虎尾鎮,座標重複,與「虎尾科技大學第四期教室、虎尾科技大學第ㄧ期教室」共用相同座標,"(120.4296, 23.7017)",各避難所應有獨立座標
2314,虎尾科技大學第ㄧ期教室,雲林縣虎尾鎮,座標重複,與「虎尾科技大學第四期教室、虎尾科技大學第三期教室」共用相同座標,"(120.4296, 23.7017)",各避難所應有獨立座標
2315,虎尾科技大學第二期教室,雲林縣虎尾鎮,座標重複,與「虎尾科技大學第四期教室、虎尾科技大學第三期教室」共用相同座標,"(120.4296, 23.7017)",各避難所應有獨立座標
2349,斗六市老人文康活動中心,雲林縣斗六市,座標重複,與「斗六公園」共用相同座標,"(120.5428, 23.7138)",各避難所應有獨立座標
2350,斗六公園,雲林縣斗六市,座標重複,與「斗六市老人文康活動中心」共用相同座標,"(120.5428, 23.7138)",各避難所應有獨立座標
2382,福田社區活動中心,南投縣竹山鎮,座標重複,與「過溪國小活動中心」共用相同座標,"(120.6665, 23.7278)",各避難所應有獨立座標
2383,過溪國小活動中心,南投縣竹山鎮,座標重複,與「福田社區活動中心」共用相同座標,"(120.6665, 23.7278)",各避難所應有獨立座標
2386,中溪國民小學教室,雲林縣虎尾鎮,座標重複,與「中溪國民小學運動場」共用相同座標,"(120.461735, 23.729841)",各避難所應有獨立座標
2387,中溪國民小學運動場,雲林縣虎尾鎮,座標重複,與「中溪國民小學教室」共用相同座標,"(120.461735, 23.729841)",各避難所應有獨立座標
2399,湖山社區活動中心,雲林縣斗六市,座標重複,與「溪洲國小」共用相同座標,"(120.555534, 23.741409)",各避難所應有獨立座標
2400,溪洲國小,雲林縣斗六市,座標重複,與「湖山社區活動中心」共用相同座標,"(120.555534, 23.741409)",各避難所應有獨立座標
2434,大榮2村社區活動中心,花蓮縣鳳林鎮,座標重複,與「大榮1村社區活動中心」共用相同座標,"(121.4676, 23.7523)",各避難所應有獨立座標
2435,大榮1村社區活動中心,花蓮縣鳳林鎮,座標重複,與「大榮2村社區活動中心」共用相同座標,"(121.4676, 23.7523)",各避難所應有獨立座標
2540,民和社區活動中心,南投縣水里鄉,座標重複,與「民和國中禮堂」共用相同座標,"(120.924508, 23.797088)",各避難所應有獨立座標
2541,民和國中禮堂,南投縣水里鄉,座標重複,與「民和社區活動中心」共用相同座標,"(120.924508, 23.797088)",各避難所應有獨立座標
2566,上安社區老人會館,南投縣水里鄉,座標重複,與「上安社區活動中心、玉峰社區活動中心」共用相同座標,"(120.835733, 23.806556)",各避難所應有獨立座標
2567,上安社區活動中心,南投縣水里鄉,座標重複,與「上安社區老人會館、玉峰社區活動中心」共用相同座標,"(120.835733, 23.806556)",各避難所應有獨立座標
2568,玉峰社區活動中心,南投縣水里鄉,座標重複,與「上安社區老人會館、上安社區活動中心」共用相同座標,"(120.835733, 23.806556)",各避難所應有獨立座標
2655,大城演藝廳,彰化縣大城鄉,座標重複,與「大城國小」共用相同座標,"(120.3203, 23.853)",各避難所應有獨立座標
2656,大城國小,彰化縣大城鄉,座標重複,與「大城演藝廳」共用相同座標,"(120.3203, 23.853)",各避難所應有獨立座標
2680,幸福國小,桃園市龜山區,座標重複,與「楓樹國小」共用相同座標,"(120.971916, 23.862946)",各避難所應有獨立座標
2681,楓樹國小,桃園市龜山區,座標重複,與「幸福國小」共用相同座標,"(120.971916, 23.862946)",各避難所應有獨立座標
2698,壽豐鄉公所,花蓮縣壽豐鄉,座標重複,與「文化中心」共用相同座標,"(121.5091, 23.8704)",各避難所應有獨立座標
2699,文化中心,花蓮縣壽豐鄉,座標重複,與「壽豐鄉公所」共用相同座標,"(121.5091, 23.8704)",各避難所應有獨立座標
2712,中寮社區活動中心,南投縣中寮鄉,座標重複,與「崁頂社區活動中心」共用相同座標,"(120.7732, 23.8763)",各避難所應有獨立座標
2713,崁頂社區活動中心,南投縣中寮鄉,座標重複,與「中寮社區活動中心」共用相同座標,"(120.7732, 23.8763)",各避難所應有獨立座標
2739,仁里社區活動中心,彰化縣田尾鄉,座標重複,與「花與樹博物館」共用相同座標,"(120.534111, 23.888979)",各避難所應有獨立座標
2740,花與樹博物館,彰化縣田尾鄉,座標重複,與「仁里社區活動中心」共用相同座標,"(120.534111, 23.888979)",各避難所應有獨立座標
2761,圖書館一樓,彰化縣埤頭鄉,座標重複,與「中和國小活動中心」共用相同座標,"(120.4587, 23.8933)",各避難所應有獨立座標
2762,中和國小活動中心,彰化縣埤頭鄉,座標重複,與「圖書館一樓」共用相同座標,"(120.4587, 23.8933)",各避難所應有獨立座標
2767,嘉和里、嘉興里災民收容所嘉和里集會所,南投縣南投市,座標重複,與「嘉和里災民收容所嘉和里集會所」共用相同座標,"(120.6871, 23.8955)",各避難所應有獨立座標
2768,嘉和里災民收容所嘉和里集會所,南投縣南投市,座標重複,與「嘉和里、嘉興里災民收容所嘉和里集會所」共用相同座標,"(120.6871, 23.8955)",各避難所應有獨立座標
2774,溪頂社區活動中心,彰化縣田尾鄉,座標重複,與「田尾社區活動中心」共用相同座標,"(120.508138, 23.897399)",各避難所應有獨立座標
2775,田尾社區活動中心,彰化縣田尾鄉,座標重複,與「溪頂社區活動中心」共用相同座標,"(120.508138, 23.897399)",各避難所應有獨立座標
2778,興華社區活動中心,彰化縣二林鎮,座標重複,與「萬興國中、圓和宮」共用相同座標,"(120.366378, 23.898143)",各避難所應有獨立座標
2779,萬興國中,彰化縣二林鎮,座標重複,與「興華社區活動中心、圓和宮」共用相同座標,"(120.366378, 23.898143)",各避難所應有獨立座標
2780,圓和宮,彰化縣二林鎮,座標重複,與「興華社區活動中心、萬興國中」共用相同座標,"(120.366378, 23.898143)",各避難所應有獨立座標
2781,民眾活動中心,彰化縣二林鎮,座標重複,與「興華社區活動中心、萬興國中」共用相同座標,"(120.366378, 23.898143)",各避難所應有獨立座標
2782,育德國小,彰化縣二林鎮,座標重複,與「興華社區活動中心、萬興國中」共用相同座標,"(120.366378, 23.898143)",各避難所應有獨立座標
2783,梅芳社區活動中心,彰化縣二林鎮,座標重複,與「興華社區活動中心、萬興國中」共用相同座標,"(120.366378, 23.898143)",各避難所應有獨立座標
2784,慈靈宮,彰化縣二林鎮,座標重複,與「興華社區活動中心、萬興國中」共用相同座標,"(120.366378, 23.898143)",各避難所應有獨立座標
2785,廣福宮,彰化縣二林鎮,座標重複,與「興華社區活動中心、萬興國中」共用相同座標,"(120.366378, 23.898143)",各避難所應有獨立座標
2786,東興社區活動中心,彰化縣二林鎮,座標重複,與「興華社區活動中心、萬興國中」共用相同座標,"(120.366378, 23.898143)",各避難所應有獨立座標
2806,崇文里災民收容所南投國小活動中心,南投縣南投市,座標重複,與「彰仁里災民收容所南投國小活動中心」共用相同座標,"(120.6839, 23.9058)",各避難所應有獨立座標
2807,彰仁里災民收容所南投國小活動中心,南投縣南投市,座標重複,與「崇文里災民收容所南投國小活動中心」共用相同座標,"(120.6839, 23.9058)",各避難所應有獨立座標
2810,新莊社區活動中心,彰化縣永靖鄉,座標重複,與「永靖國中」共用相同座標,"(120.553913, 23.906852)",各避難所應有獨立座標
2811,永靖國中,彰化縣永靖鄉,座標重複,與「新莊社區活動中心」共用相同座標,"(120.553913, 23.906852)",各避難所應有獨立座標
2812,原斗社區活動中心,彰化縣二林鎮,座標重複,與「西斗社區活動中心、東和里集會所」共用相同座標,"(120.436185, 23.907276)",各避難所應有獨立座標
2813,西斗社區活動中心,彰化縣二林鎮,座標重複,與「原斗社區活動中心、東和里集會所」共用相同座標,"(120.436185, 23.907276)",各避難所應有獨立座標
2814,東和里集會所,彰化縣二林鎮,座標重複,與「原斗社區活動中心、西斗社區活動中心」共用相同座標,"(120.436185, 23.907276)",各避難所應有獨立座標
2815,大永社區活動中心,彰化縣二林鎮,座標重複,與「原斗社區活動中心、西斗社區活動中心」共用相同座標,"(120.436185, 23.907276)",各避難所應有獨立座標
2816,東勢社區活動中心,彰化縣二林鎮,座標重複,與「原斗社區活動中心、西斗社區活動中心」共用相同座標,"(120.436185, 23.907276)",各避難所應有獨立座標
2817,新興宮,彰化縣二林鎮,座標重複,與「原斗社區活動中心、西斗社區活動中心」共用相同座標,"(120.436185, 23.907276)",各避難所應有獨立座標
2818,復豐社區活動中心,彰化縣二林鎮,座標重複,與「原斗社區活動中心、西斗社區活動中心」共用相同座標,"(120.436185, 23.907276)",各避難所應有獨立座標
2819,慈聖?,彰化縣二林鎮,座標重複,與「原斗社區活動中心、西斗社區活動中心」共用相同座標,"(120.436185, 23.907276)",各避難所應有獨立座標
2820,南光社區活動中心,彰化縣二林鎮,座標重複,與「原斗社區活動中心、西斗社區活動中心」共用相同座標,"(120.436185, 23.907276)",各避難所應有獨立座標
2825,仁和里災民收容所市區7里聯合辦公處,南投縣南投市,座標重複,與「南投里災民收容所市區七里聯合辦公處」共用相同座標,"(120.6858, 23.9101)",各避難所應有獨立座標
2826,南投里災民收容所市區七里聯合辦公處,南投縣南投市,座標重複,與「仁和里災民收容所市區7里聯合辦公處」共用相同座標,"(120.6858, 23.9101)",各避難所應有獨立座標
2833,龍泉里災民收容所康壽國小活動中心,南投縣南投市,座標重複,與「康壽里災民收容所康壽國小活動中心」共用相同座標,"(120.6863, 23.9133)",各避難所應有獨立座標
2834,康壽里災民收容所康壽國小活動中心,南投縣南投市,座標重複,與「龍泉里災民收容所康壽國小活動中心」共用相同座標,"(120.6863, 23.9133)",各避難所應有獨立座標
2855,陸豐社區活動中心,彰化縣田尾鄉,座標重複,與「張厝村集會所」共用相同座標,"(120.50099, 23.920935)",各避難所應有獨立座標
2856,張厝村集會所,彰化縣社頭鄉,座標重複,與「陸豐社區活動中心」共用相同座標,"(120.50099, 23.920935)",各避難所應有獨立座標
2867,湳墘社區活動中心,彰化縣永靖鄉,座標重複,與「同仁社區活動中心」共用相同座標,"(120.532649, 23.92828)",各避難所應有獨立座標
2868,同仁社區活動中心,彰化縣永靖鄉,座標重複,與「湳墘社區活動中心」共用相同座標,"(120.532649, 23.92828)",各避難所應有獨立座標
2933,溪湖鎮公所,彰化縣溪湖鎮,座標重複,與「溪湖國小」共用相同座標,"(120.478529, 23.95923)",各避難所應有獨立座標
2934,溪湖國小,彰化縣溪湖鎮,座標重複,與「溪湖鎮公所」共用相同座標,"(120.478529, 23.95923)",各避難所應有獨立座標
2943,薰化里集會所,南投縣埔里鎮,座標重複,與「清新里集會所」共用相同座標,"(120.9623, 23.9635)",各避難所應有獨立座標
2944,清新里集會所,南投縣埔里鎮,座標重複,與「薰化里集會所」共用相同座標,"(120.9623, 23.9635)",各避難所應有獨立座標
3105,史港里集會所,南投縣埔里鎮,座標重複,與「史港國小」共用相同座標,"(120.9575, 24.0067)",各避難所應有獨立座標
3106,史港國小,南投縣埔里鎮,座標重複,與「史港里集會所」共用相同座標,"(120.9575, 24.0067)",各避難所應有獨立座標
3112,利河伯社福基金會附設私立基督仁愛之家,南投縣埔里鎮,座標重複,與「福興里集會所」共用相同座標,"(120.9756, 24.0074)",各避難所應有獨立座標
3113,福興里集會所,南投縣埔里鎮,座標重複,與「利河伯社福基金會附設私立基督仁愛之家」共用相同座標,"(120.9756, 24.0074)",各避難所應有獨立座標
3143,受鎮宮,南投縣埔里鎮,座標重複,與「廣成里社區活動中心」共用相同座標,"(120.9498, 24.025)",各避難所應有獨立座標
3144,廣成里社區活動中心,南投縣埔里鎮,座標重複,與「受鎮宮」共用相同座標,"(120.9498, 24.025)",各避難所應有獨立座標
3154,秀水港墘社區活動中心,彰化縣秀水鄉,座標重複,與「秀水社區活動中心」共用相同座標,"(120.522912, 24.027939)",各避難所應有獨立座標
3155,秀水社區活動中心,彰化縣秀水鄉,座標重複,與「秀水港墘社區活動中心」共用相同座標,"(120.522912, 24.027939)",各避難所應有獨立座標
3424,臺中市中區老人休閒活動中心,臺中市中區,座標重複,與「臺中市中區區公所六樓大禮堂」共用相同座標,"(120.6795, 24.1439)",各避難所應有獨立座標
3425,臺中市中區區公所六樓大禮堂,臺中市中區,座標重複,與「臺中市中區老人休閒活動中心」共用相同座標,"(120.6795, 24.1439)",各避難所應有獨立座標
3465,大同社區活動中心,彰化縣伸港鄉,座標重複,與「什股社區活動中心」共用相同座標,"(120.47616, 24.156642)",各避難所應有獨立座標
3466,什股社區活動中心,彰化縣伸港鄉,座標重複,與「大同社區活動中心」共用相同座標,"(120.47616, 24.156642)",各避難所應有獨立座標
3509,基督長老教會,南投縣仁愛鄉,座標重複,與「力行活動中心、大洋部落真耶穌教會」共用相同座標,"(121.196369, 24.172426)",各避難所應有獨立座標
3510,力行活動中心,南投縣仁愛鄉,座標重複,與「基督長老教會、大洋部落真耶穌教會」共用相同座標,"(121.196369, 24.172426)",各避難所應有獨立座標
3511,大洋部落真耶穌教會,南投縣仁愛鄉,座標重複,與「基督長老教會、力行活動中心」共用相同座標,"(121.196369, 24.172426)",各避難所應有獨立座標
3512,文心國民小學（禮堂、操場）,臺中市北屯區,座標重複,與「崇德國民中學（崇德館、操場）」共用相同座標,"(120.682577, 24.17296)",各避難所應有獨立座標
3513,崇德國民中學（崇德館、操場）,臺中市北屯區,座標重複,與「文心國民小學（禮堂、操場）」共用相同座標,"(120.682577, 24.17296)",各避難所應有獨立座標
3521,建功國民小學（地下室停車場）,臺中市北屯區,座標重複,與「軍功國民小學（禮堂、操場）」共用相同座標,"(120.715938, 24.175695)",各避難所應有獨立座標
3522,軍功國民小學（禮堂、操場）,臺中市北屯區,座標重複,與「建功國民小學（地下室停車場）」共用相同座標,"(120.715938, 24.175695)",各避難所應有獨立座標
3535,仁愛國民小學（禮堂三樓、操場）,臺中市北屯區,座標重複,與「北屯國民小學（禮堂、操場）」共用相同座標,"(120.671897, 24.180481)",各避難所應有獨立座標
3536,北屯國民小學（禮堂、操場）,臺中市北屯區,座標重複,與「仁愛國民小學（禮堂三樓、操場）」共用相同座標,"(120.671897, 24.180481)",各避難所應有獨立座標
3552,松竹國民小學（勁竹及松青樓地下室）,臺中市北屯區,座標重複,與「仁美國民小學（地下室、活動中心、操場）」共用相同座標,"(120.686684, 24.190797)",各避難所應有獨立座標
3553,仁美國民小學（地下室、活動中心、操場）,臺中市北屯區,座標重複,與「松竹國民小學（勁竹及松青樓地下室）」共用相同座標,"(120.686684, 24.190797)",各避難所應有獨立座標
3560,新興國民小學（禮堂、操場）,臺中市北屯區,座標重複,與「四張犁國民小學（操場）」共用相同座標,"(120.662753, 24.195039)",各避難所應有獨立座標
3561,四張犁國民小學（操場）,臺中市北屯區,座標重複,與「新興國民小學（禮堂、操場）」共用相同座標,"(120.662753, 24.195039)",各避難所應有獨立座標
3615,臺中市北勢國中禮堂,臺中市沙鹿區,座標重複,與「北勢國民中學操場」共用相同座標,"(120.569209, 24.225175)",各避難所應有獨立座標
3616,北勢國民中學操場,臺中市沙鹿區,座標重複,與「臺中市北勢國中禮堂」共用相同座標,"(120.569209, 24.225175)",各避難所應有獨立座標
3628,中興嶺停車場,臺中市新社區,座標重複,與「復盛公園戶外臨時避難收容場所」共用相同座標,"(120.809642, 24.231226)",各避難所應有獨立座標
3629,復盛公園戶外臨時避難收容場所,臺中市新社區,座標重複,與「中興嶺停車場」共用相同座標,"(120.809642, 24.231226)",各避難所應有獨立座標
3633,興安社區活動中心,臺中市沙鹿區,座標重複,與「興仁社區活動中心」共用相同座標,"(120.562858, 24.23327)",各避難所應有獨立座標
3634,興仁社區活動中心,臺中市沙鹿區,座標重複,與「興安社區活動中心」共用相同座標,"(120.562858, 24.23327)",各避難所應有獨立座標
3638,沙鹿國民中學操場,臺中市沙鹿區,座標重複,與「臺中市沙鹿國中禮堂」共用相同座標,"(120.563351, 24.235208)",各避難所應有獨立座標
3639,臺中市沙鹿國中禮堂,臺中市沙鹿區,座標重複,與「沙鹿國民中學操場」共用相同座標,"(120.563351, 24.235208)",各避難所應有獨立座標
3641,美仁社區活動中心,臺中市沙鹿區,座標重複,與「居仁社區活動中心、臺中市沙鹿國小禮堂」共用相同座標,"(120.561571, 24.235802)",各避難所應有獨立座標
3642,居仁社區活動中心,臺中市沙鹿區,座標重複,與「美仁社區活動中心、臺中市沙鹿國小禮堂」共用相同座標,"(120.561571, 24.235802)",各避難所應有獨立座標
3643,臺中市沙鹿國小禮堂,臺中市沙鹿區,座標重複,與「美仁社區活動中心、居仁社區活動中心」共用相同座標,"(120.561571, 24.235802)",各避難所應有獨立座標
3650,臺中市竹林國小禮堂,臺中市沙鹿區,座標重複,與「竹林國民小學操場」共用相同座標,"(120.567875, 24.238543)",各避難所應有獨立座標
3651,竹林國民小學操場,臺中市沙鹿區,座標重複,與「臺中市竹林國小禮堂」共用相同座標,"(120.567875, 24.238543)",各避難所應有獨立座標
3667,臺中市公明國小禮堂,臺中市沙鹿區,座標重複,與「公明國民小學操場」共用相同座標,"(120.609713, 24.243158)",各避難所應有獨立座標
3668,公明國民小學操場,臺中市沙鹿區,座標重複,與「臺中市公明國小禮堂」共用相同座標,"(120.609713, 24.243158)",各避難所應有獨立座標
3670,鹿鳴公園,臺中市沙鹿區,座標重複,與「臺中市鹿寮國中禮堂、鹿寮國民中學操場」共用相同座標,"(120.56675, 24.243804)",各避難所應有獨立座標
3671,臺中市鹿寮國中禮堂,臺中市沙鹿區,座標重複,與「鹿鳴公園、鹿寮國民中學操場」共用相同座標,"(120.56675, 24.243804)",各避難所應有獨立座標
3672,鹿寮國民中學操場,臺中市沙鹿區,座標重複,與「鹿鳴公園、臺中市鹿寮國中禮堂」共用相同座標,"(120.56675, 24.243804)",各避難所應有獨立座標
3679,公明國民中學教室,臺中市沙鹿區,座標重複,與「臺中市公明國中禮堂、臺中市公明國中操場」共用相同座標,"(120.607534, 24.246551)",各避難所應有獨立座標
3680,臺中市公明國中禮堂,臺中市沙鹿區,座標重複,與「公明國民中學教室、臺中市公明國中操場」共用相同座標,"(120.607534, 24.246551)",各避難所應有獨立座標
3681,臺中市公明國中操場,臺中市沙鹿區,座標重複,與「公明國民中學教室、臺中市公明國中禮堂」共用相同座標,"(120.607534, 24.246551)",各避難所應有獨立座標
3705,臺中市鹿峰國小禮堂,臺中市沙鹿區,座標重複,與「鹿峰國民小學操場」共用相同座標,"(120.570016, 24.255608)",各避難所應有獨立座標
3706,鹿峰國民小學操場,臺中市沙鹿區,座標重複,與「臺中市鹿峰國小禮堂」共用相同座標,"(120.570016, 24.255608)",各避難所應有獨立座標
3797,卓蘭國小活動中心,苗栗縣卓蘭鎮,座標重複,與「卓蘭國小操場」共用相同座標,"(120.8248, 24.3122)",各避難所應有獨立座標
3798,卓蘭國小操場,苗栗縣卓蘭鎮,座標重複,與「卓蘭國小活動中心」共用相同座標,"(120.8248, 24.3122)",各避難所應有獨立座標
3825,新開國小操場,苗栗縣大湖鄉,座標重複,與「新開國小」共用相同座標,"(120.826351, 24.348257)",各避難所應有獨立座標
3826,新開國小,苗栗縣大湖鄉,座標重複,與「新開國小操場」共用相同座標,"(120.826351, 24.348257)",各避難所應有獨立座標
3851,南湖國中操場,苗栗縣大湖鄉,座標重複,與「南湖國中」共用相同座標,"(120.867265, 24.397403)",各避難所應有獨立座標
3852,南湖國中,苗栗縣大湖鄉,座標重複,與「南湖國中操場」共用相同座標,"(120.867265, 24.397403)",各避難所應有獨立座標
3853,西南門里辦公處,金門縣金城鎮,座標重複,與「金門城社區活動中心」共用相同座標,"(118.305944, 24.40212)",各避難所應有獨立座標
3854,金門城社區活動中心,金門縣金城鎮,座標重複,與「西南門里辦公處」共用相同座標,"(118.305944, 24.40212)",各避難所應有獨立座標
3861,大湖農工操場,苗栗縣大湖鄉,座標重複,與「大湖農工」共用相同座標,"(120.861173, 24.42)",各避難所應有獨立座標
3862,大湖農工,苗栗縣大湖鄉,座標重複,與「大湖農工操場」共用相同座標,"(120.861173, 24.42)",各避難所應有獨立座標
3865,大湖國小操場,苗栗縣大湖鄉,座標重複,與「大湖國小」共用相同座標,"(120.869809, 24.421425)",各避難所應有獨立座標
3866,大湖國小,苗栗縣大湖鄉,座標重複,與「大湖國小操場」共用相同座標,"(120.869809, 24.421425)",各避難所應有獨立座標
3872,大湖國中操場,苗栗縣大湖鄉,座標重複,與「大湖國中」共用相同座標,"(120.870777, 24.426432)",各避難所應有獨立座標
3873,大湖國中,苗栗縣大湖鄉,座標重複,與「大湖國中操場」共用相同座標,"(120.870777, 24.426432)",各避難所應有獨立座標
3876,新隆國小操場,苗栗縣銅鑼鄉,座標重複,與「新隆國小」共用相同座標,"(120.809, 24.4297)",各避難所應有獨立座標
3877,新隆國小,苗栗縣銅鑼鄉,座標重複,與「新隆國小操場」共用相同座標,"(120.809, 24.4297)",各避難所應有獨立座標
3902,興隆國小操場,苗栗縣銅鑼鄉,座標重複,與「興隆國小」共用相同座標,"(120.812, 24.4629)",各避難所應有獨立座標
3903,興隆國小,苗栗縣銅鑼鄉,座標重複,與「興隆國小操場」共用相同座標,"(120.812, 24.4629)",各避難所應有獨立座標
3906,文峰國小操場,苗栗縣銅鑼鄉,座標重複,與「文峰國小」共用相同座標,"(120.7858, 24.4645)",各避難所應有獨立座標
3907,文峰國小,苗栗縣銅鑼鄉,座標重複,與「文峰國小操場」共用相同座標,"(120.7858, 24.4645)",各避難所應有獨立座標
3915,九湖國小操場,苗栗縣銅鑼鄉,座標重複,與「九湖國小」共用相同座標,"(120.7764, 24.473)",各避難所應有獨立座標
3916,九湖國小,苗栗縣銅鑼鄉,座標重複,與「九湖國小操場」共用相同座標,"(120.7764, 24.473)",各避難所應有獨立座標
3927,中興國小操場,苗栗縣銅鑼鄉,座標重複,與「中興國小」共用相同座標,"(120.8028, 24.4899)",各避難所應有獨立座標
3928,中興國小,苗栗縣銅鑼鄉,座標重複,與「中興國小操場」共用相同座標,"(120.8028, 24.4899)",各避難所應有獨立座標
3931,銅鑼國小操場,苗栗縣銅鑼鄉,座標重複,與「銅鑼國小」共用相同座標,"(120.7913, 24.4908)",各避難所應有獨立座標
3932,銅鑼國小,苗栗縣銅鑼鄉,座標重複,與「銅鑼國小操場」共用相同座標,"(120.7913, 24.4908)",各避難所應有獨立座標
3956,國立聯合大學活動中心,苗栗縣苗栗市,座標重複,與「國立聯合大學操場」共用相同座標,"(120.816, 24.5464)",各避難所應有獨立座標
3957,國立聯合大學操場,苗栗縣苗栗市,座標重複,與「國立聯合大學活動中心」共用相同座標,"(120.816, 24.5464)",各避難所應有獨立座標
3959,大同國小活動中心,苗栗縣苗栗市,座標重複,與「大同國小操場」共用相同座標,"(120.815, 24.5528)",各避難所應有獨立座標
3960,大同國小操場,苗栗縣苗栗市,座標重複,與「大同國小活動中心」共用相同座標,"(120.815, 24.5528)",各避難所應有獨立座標
3963,苗栗市老人文康中心室外草皮,苗栗縣苗栗市,座標重複,與「苗栗市老人文康中心室內空間」共用相同座標,"(120.8142, 24.5556)",各避難所應有獨立座標
3964,苗栗市老人文康中心室內空間,苗栗縣苗栗市,座標重複,與「苗栗市老人文康中心室外草皮」共用相同座標,"(120.8142, 24.5556)",各避難所應有獨立座標
3965,苗栗農工活動中心,苗栗縣苗栗市,座標重複,與「苗栗農工操場」共用相同座標,"(120.8341, 24.5564)",各避難所應有獨立座標
3966,苗栗農工操場,苗栗縣苗栗市,座標重複,與「苗栗農工活動中心」共用相同座標,"(120.8341, 24.5564)",各避難所應有獨立座標
3967,西湖鄉農特產品展售綜合活動中心,苗栗縣西湖鄉,座標重複,與「西湖鄉農特產品展售綜合活動中心戶外草坪」共用相同座標,"(120.7562, 24.5589)",各避難所應有獨立座標
3968,西湖鄉農特產品展售綜合活動中心戶外草坪,苗栗縣西湖鄉,座標重複,與「西湖鄉農特產品展售綜合活動中心」共用相同座標,"(120.7562, 24.5589)",各避難所應有獨立座標
3975,文山國小活動中心,苗栗縣苗栗市,座標重複,與「文山國小操場」共用相同座標,"(120.8133, 24.5671)",各避難所應有獨立座標
3976,文山國小操場,苗栗縣苗栗市,座標重複,與「文山國小活動中心」共用相同座標,"(120.8133, 24.5671)",各避難所應有獨立座標
3978,北苗聯合社區活動中心室內空間,苗栗縣苗栗市,座標重複,與「北苗聯合社區活動中心室外停車場」共用相同座標,"(120.8248, 24.5711)",各避難所應有獨立座標
3979,北苗聯合社區活動中心室外停車場,苗栗縣苗栗市,座標重複,與「北苗聯合社區活動中心室內空間」共用相同座標,"(120.8248, 24.5711)",各避難所應有獨立座標
3985,苗栗縣頭屋國小操場,苗栗縣頭屋鄉,座標重複,與「苗栗縣頭屋國小活動中心」共用相同座標,"(120.8509, 24.5764)",各避難所應有獨立座標
3986,苗栗縣頭屋國小活動中心,苗栗縣頭屋鄉,座標重複,與「苗栗縣頭屋國小操場」共用相同座標,"(120.8509, 24.5764)",各避難所應有獨立座標
3987,苗栗縣頭屋國中操場,苗栗縣頭屋鄉,座標重複,與「苗栗縣頭屋國中活動中心」共用相同座標,"(120.8534, 24.577)",各避難所應有獨立座標
3988,苗栗縣頭屋國中活動中心,苗栗縣頭屋鄉,座標重複,與「苗栗縣頭屋國中操場」共用相同座標,"(120.8534, 24.577)",各避難所應有獨立座標
3991,福星國小活動中心,苗栗縣苗栗市,座標重複,與「福星國小操場」共用相同座標,"(120.826, 24.5791)",各避難所應有獨立座標
3992,福星國小操場,苗栗縣苗栗市,座標重複,與「福星國小活動中心」共用相同座標,"(120.826, 24.5791)",各避難所應有獨立座標
4017,鄉公所廣場後,苗栗縣南庄鄉,座標重複,與「鄉公所廣場前」共用相同座標,"(121.0003, 24.597)",各避難所應有獨立座標
4018,鄉公所廣場前,苗栗縣南庄鄉,座標重複,與「鄉公所廣場後」共用相同座標,"(121.0003, 24.597)",各避難所應有獨立座標
4052,造橋鄉綜合活動中心-室內,苗栗縣造橋鄉,座標重複,與「造橋鄉綜合活動中心-室外」共用相同座標,"(120.8875, 24.6236)",各避難所應有獨立座標
4053,造橋鄉綜合活動中心-室外,苗栗縣造橋鄉,座標重複,與「造橋鄉綜合活動中心-室內」共用相同座標,"(120.8875, 24.6236)",各避難所應有獨立座標
4074,造橋鄉造橋國中-室外,苗栗縣造橋鄉,座標重複,與「造橋鄉造橋國中-室內」共用相同座標,"(120.8563, 24.6392)",各避難所應有獨立座標
4075,造橋鄉造橋國中-室內,苗栗縣造橋鄉,座標重複,與「造橋鄉造橋國中-室外」共用相同座標,"(120.8563, 24.6392)",各避難所應有獨立座標
4101,三灣國小操場室外收容,苗栗縣三灣鄉,座標重複,與「三灣國小室內活動中心」共用相同座標,"(120.955046, 24.655737)",各避難所應有獨立座標
4102,三灣國小室內活動中心,苗栗縣三灣鄉,座標重複,與「三灣國小操場室外收容」共用相同座標,"(120.955046, 24.655737)",各避難所應有獨立座標
4104,豐鄉村集會所,新竹縣橫山鄉,座標重複,與「瑞峰國小操場、瑞峰國小禮堂」共用相同座標,"(121.1225, 24.6592)",各避難所應有獨立座標
4105,瑞峰國小操場,新竹縣竹東鎮,座標重複,與「豐鄉村集會所、瑞峰國小禮堂」共用相同座標,"(121.1225, 24.6592)",各避難所應有獨立座標
4106,瑞峰國小禮堂,新竹縣竹東鎮,座標重複,與「豐鄉村集會所、瑞峰國小操場」共用相同座標,"(121.1225, 24.6592)",各避難所應有獨立座標
4117,二次收容 三星鄉公所臨時辦公處原三星社區,宜蘭縣三星鄉,座標重複,與「三星國中臨時收容站」共用相同座標,"(121.6538, 24.6654)",各避難所應有獨立座標
4118,三星國中臨時收容站,宜蘭縣三星鄉,座標重複,與「二次收容 三星鄉公所臨時辦公處原三星社區」共用相同座標,"(121.6538, 24.6654)",各避難所應有獨立座標
4134,阿束社社區活動中心,宜蘭縣羅東鎮,座標重複,與「仁和社區活動中心」共用相同座標,"(121.7709, 24.6725)",各避難所應有獨立座標
4135,仁和社區活動中心,宜蘭縣羅東鎮,座標重複,與「阿束社社區活動中心」共用相同座標,"(121.7709, 24.6725)",各避難所應有獨立座標
4176,頭份市公所中正館,苗栗縣頭份市,座標重複,與「頭份市公所中山堂」共用相同座標,"(120.913, 24.6864)",各避難所應有獨立座標
4177,頭份市公所中山堂,苗栗縣頭份市,座標重複,與「頭份市公所中正館」共用相同座標,"(120.913, 24.6864)",各避難所應有獨立座標
4204,萬德社區二次收容,宜蘭縣三星鄉,座標重複,與「萬富社區臨時收容站」共用相同座標,"(121.7282, 24.6931)",各避難所應有獨立座標
4205,萬富社區臨時收容站,宜蘭縣三星鄉,座標重複,與「萬德社區二次收容」共用相同座標,"(121.7282, 24.6931)",各避難所應有獨立座標
4361,澳花國小,宜蘭縣南澳鄉,座標重複,與「新社高級中學」共用相同座標,"(120.988108, 24.778289)",各避難所應有獨立座標
4362,新社高級中學,臺中市新社區,座標重複,與「澳花國小」共用相同座標,"(120.988108, 24.778289)",各避難所應有獨立座標
4470,石門國小禮堂,桃園市龍潭區,座標重複,與「石門國小操場」共用相同座標,"(121.241766, 24.84158)",各避難所應有獨立座標
4471,石門國小操場,桃園市龍潭區,座標重複,與「石門國小禮堂」共用相同座標,"(121.241766, 24.84158)",各避難所應有獨立座標
4521,凌雲里集會所,桃園市龍潭區,座標重複,與「龍祥里集會所、龍潭區婦幼館」共用相同座標,"(121.207739, 24.868638)",各避難所應有獨立座標
4522,龍祥里集會所,桃園市龍潭區,座標重複,與「凌雲里集會所、龍潭區婦幼館」共用相同座標,"(121.207739, 24.868638)",各避難所應有獨立座標
4523,龍潭區婦幼館,桃園市龍潭區,座標重複,與「凌雲里集會所、龍祥里集會所」共用相同座標,"(121.207739, 24.868638)",各避難所應有獨立座標
4524,龍潭鄉婦幼館前廣場,桃園市龍潭區,座標重複,與「凌雲里集會所、龍祥里集會所」共用相同座標,"(121.207739, 24.868638)",各避難所應有獨立座標
4548,信賢活動中心,新北市烏來區,座標重複,與「綜合活動中心、忠治活動中心」共用相同座標,"(121.548453, 24.883684)",各避難所應有獨立座標
4549,綜合活動中心,新北市烏來區,座標重複,與「信賢活動中心、忠治活動中心」共用相同座標,"(121.548453, 24.883684)",各避難所應有獨立座標
4550,忠治活動中心,新北市烏來區,座標重複,與「信賢活動中心、綜合活動中心」共用相同座標,"(121.548453, 24.883684)",各避難所應有獨立座標
4551,福山活動中心,新北市烏來區,座標重複,與「信賢活動中心、綜合活動中心」共用相同座標,"(121.548453, 24.883684)",各避難所應有獨立座標
4552,烏來活動中心,新北市烏來區,座標重複,與「信賢活動中心、綜合活動中心」共用相同座標,"(121.548453, 24.883684)",各避難所應有獨立座標
4553,福山國小,新北市烏來區,座標重複,與「信賢活動中心、綜合活動中心」共用相同座標,"(121.548453, 24.883684)",各避難所應有獨立座標
4557,愛勢村集會所,新竹縣湖口鄉,座標重複,與「湖口村集會所」共用相同座標,"(121.060153, 24.886026)",各避難所應有獨立座標
4558,湖口村集會所,新竹縣湖口鄉,座標重複,與「愛勢村集會所」共用相同座標,"(121.060153, 24.886026)",各避難所應有獨立座標
4568,平鎮區幼兒園紹豐分班,桃園市平鎮區,座標重複,與「湧光里里民集會所」共用相同座標,"(121.2094, 24.8967)",各避難所應有獨立座標
4569,湧光里里民集會所,桃園市平鎮區,座標重複,與「平鎮區幼兒園紹豐分班」共用相同座標,"(121.2094, 24.8967)",各避難所應有獨立座標
4622,霧峰國小志文樓地下室,臺中市霧峰區,座標重複,與「霧峰國中行政大樓地下室」共用相同座標,"(120.41411, 24.917)",各避難所應有獨立座標
4623,霧峰國中行政大樓地下室,臺中市霧峰區,座標重複,與「霧峰國小志文樓地下室」共用相同座標,"(120.41411, 24.917)",各避難所應有獨立座標
4648,青少年活動中心,桃園市八德區,座標重複,與「陽光活力園區」共用相同座標,"(121.2945, 24.9308)",各避難所應有獨立座標
4649,陽光活力園區,桃園市八德區,座標重複,與「青少年活動中心」共用相同座標,"(121.2945, 24.9308)",各避難所應有獨立座標
4651,大明活動中心,桃園市八德區,座標重複,與「竹霄活動中心」共用相同座標,"(121.2838, 24.9316)",各避難所應有獨立座標
4652,竹霄活動中心,桃園市八德區,座標重複,與「大明活動中心」共用相同座標,"(121.2838, 24.9316)",各避難所應有獨立座標
4712,北勢社區活動中心,桃園市平鎮區,座標重複,與「平鎮區幼兒園本園」共用相同座標,"(121.2196, 24.9438)",各避難所應有獨立座標
4713,平鎮區幼兒園本園,桃園市平鎮區,座標重複,與「北勢社區活動中心」共用相同座標,"(121.2196, 24.9438)",各避難所應有獨立座標
4719,建國公園,桃園市八德區,座標重複,與「仁德公園」共用相同座標,"(121.2887, 24.9454)",各避難所應有獨立座標
4720,仁德公園,桃園市八德區,座標重複,與「建國公園」共用相同座標,"(121.2887, 24.9454)",各避難所應有獨立座標
4788,大忠里集會所,桃園市八德區,座標重複,與「大慶 大華里集會所、大成活動中心」共用相同座標,"(121.2962, 24.9567)",各避難所應有獨立座標
4789,大慶 大華里集會所,桃園市八德區,座標重複,與「大忠里集會所、大成活動中心」共用相同座標,"(121.2962, 24.9567)",各避難所應有獨立座標
4790,大成活動中心,桃園市八德區,座標重複,與「大忠里集會所、大慶 大華里集會所」共用相同座標,"(121.2962, 24.9567)",各避難所應有獨立座標
4825,公十五公園,桃園市八德區,座標重複,與「公二公園」共用相同座標,"(121.2984, 24.963)",各避難所應有獨立座標
4826,公二公園,桃園市八德區,座標重複,與「公十五公園」共用相同座標,"(121.2984, 24.963)",各避難所應有獨立座標
4838,高明公園,桃園市八德區,座標重複,與「大勇兒童公園、君臨休閒廣場」共用相同座標,"(121.3047, 24.9656)",各避難所應有獨立座標
4839,大勇兒童公園,桃園市八德區,座標重複,與「高明公園、君臨休閒廣場」共用相同座標,"(121.3047, 24.9656)",各避難所應有獨立座標
4840,君臨休閒廣場,桃園市八德區,座標重複,與「高明公園、大勇兒童公園」共用相同座標,"(121.3047, 24.9656)",各避難所應有獨立座標
4841,大千公園,桃園市八德區,座標重複,與「忠勇公園」共用相同座標,"(121.3036, 24.9657)",各避難所應有獨立座標
4842,忠勇公園,桃園市八德區,座標重複,與「大千公園」共用相同座標,"(121.3036, 24.9657)",各避難所應有獨立座標
4845,廣豐綠一公園,桃園市八德區,座標重複,與「廣豐公一公園」共用相同座標,"(121.2967, 24.9665)",各避難所應有獨立座標
4846,廣豐公一公園,桃園市八德區,座標重複,與「廣豐綠一公園」共用相同座標,"(121.2967, 24.9665)",各避難所應有獨立座標
4872,中湖里活動中心,新北市鶯歌區,座標重複,與「中湖國小」共用相同座標,"(121.3481, 24.973)",各避難所應有獨立座標
4873,中湖國小,新北市鶯歌區,座標重複,與「中湖里活動中心」共用相同座標,"(121.3481, 24.973)",各避難所應有獨立座標
4878,清化市民活動中心,新北市土城區,座標重複,與「清和市民活動中心」共用相同座標,"(121.458661, 24.973802)",各避難所應有獨立座標
4879,清和市民活動中心,新北市土城區,座標重複,與「清化市民活動中心」共用相同座標,"(121.458661, 24.973802)",各避難所應有獨立座標
4911,青山市民活動中心,新北市土城區,座標重複,與「永富市民活動中心」共用相同座標,"(121.464447, 24.98031)",各避難所應有獨立座標
4912,永富市民活動中心,新北市土城區,座標重複,與「青山市民活動中心」共用相同座標,"(121.464447, 24.98031)",各避難所應有獨立座標
4943,廣興市民活動中心,新北市土城區,座標重複,與「廣福市民活動中心」共用相同座標,"(121.457766, 24.985909)",各避難所應有獨立座標
4944,廣福市民活動中心,新北市土城區,座標重複,與「廣興市民活動中心」共用相同座標,"(121.457766, 24.985909)",各避難所應有獨立座標
4945,育林國小,新北市樹林區,座標重複,與「育林國中」共用相同座標,"(121.415677, 24.986051)",各避難所應有獨立座標
4946,育林國中,新北市樹林區,座標重複,與「育林國小」共用相同座標,"(121.415677, 24.986051)",各避難所應有獨立座標
4965,龍祥公園,桃園市桃園區,座標重複,與「汴洲社區活動中心、溫州公園」共用相同座標,"(121.3111, 24.9889)",各避難所應有獨立座標
4966,汴洲社區活動中心,桃園市桃園區,座標重複,與「龍祥公園、溫州公園」共用相同座標,"(121.3111, 24.9889)",各避難所應有獨立座標
4967,溫州公園,桃園市桃園區,座標重複,與「龍祥公園、汴洲社區活動中心」共用相同座標,"(121.3111, 24.9889)",各避難所應有獨立座標
5008,景興國中,臺北市文山區,座標重複,與「臺北市文山運動中心」共用相同座標,"(121.5443, 24.9962)",各避難所應有獨立座標
5009,臺北市文山運動中心,臺北市文山區,座標重複,與「景興國中」共用相同座標,"(121.5443, 24.9962)",各避難所應有獨立座標
5069,東勢市民活動中心,新北市平溪區,座標重複,與「嶺腳市民活動中心」共用相同座標,"(121.7508, 25.0052)",各避難所應有獨立座標
5070,嶺腳市民活動中心,新北市平溪區,座標重複,與「東勢市民活動中心」共用相同座標,"(121.7508, 25.0052)",各避難所應有獨立座標
5098,民族國中,臺北市大安區,座標重複,與「臺北市大安運動中心」共用相同座標,"(121.5388, 25.0112)",各避難所應有獨立座標
5099,臺北市大安運動中心,臺北市大安區,座標重複,與「民族國中」共用相同座標,"(121.5388, 25.0112)",各避難所應有獨立座標
5168,青年公園棒球場,臺北市萬華區,座標重複,與「東園國小、臺北市萬華運動中心」共用相同座標,"(121.4978, 25.0231)",各避難所應有獨立座標
5169,東園國小,臺北市萬華區,座標重複,與「青年公園棒球場、臺北市萬華運動中心」共用相同座標,"(121.4978, 25.0231)",各避難所應有獨立座標
5170,臺北市萬華運動中心,臺北市萬華區,座標重複,與「青年公園棒球場、東園國小」共用相同座標,"(121.4978, 25.0231)",各避難所應有獨立座標
5239,南門國小,臺北市中正區,座標重複,與「南門國中」共用相同座標,"(121.5091, 25.0352)",各避難所應有獨立座標
5240,南門國中,臺北市中正區,座標重複,與「南門國小」共用相同座標,"(121.5091, 25.0352)",各避難所應有獨立座標
5243,臺北市信義運動中心,臺北市信義區,座標重複,與「松德公園」共用相同座標,"(121.5733, 25.0356)",各避難所應有獨立座標
5244,松德公園,臺北市信義區,座標重複,與「臺北市信義運動中心」共用相同座標,"(121.5733, 25.0356)",各避難所應有獨立座標
5278,龍騰活動中心,苗栗縣三義鄉,座標重複,與「雙潭活動中心、鯉魚潭活動中心室內」共用相同座標,"(121.533012, 25.042385)",各避難所應有獨立座標
5279,雙潭活動中心,苗栗縣三義鄉,座標重複,與「龍騰活動中心、鯉魚潭活動中心室內」共用相同座標,"(121.533012, 25.042385)",各避難所應有獨立座標
5280,鯉魚潭活動中心室內,苗栗縣三義鄉,座標重複,與「龍騰活動中心、雙潭活動中心」共用相同座標,"(121.533012, 25.042385)",各避難所應有獨立座標
5281,建中國民小學活動中心室內,苗栗縣三義鄉,座標重複,與「龍騰活動中心、雙潭活動中心」共用相同座標,"(121.533012, 25.042385)",各避難所應有獨立座標
5282,西湖村活動中心室內,苗栗縣三義鄉,座標重複,與「龍騰活動中心、雙潭活動中心」共用相同座標,"(121.533012, 25.042385)",各避難所應有獨立座標
5283,上?里民眾活動中心,苗栗縣苑裡鎮,座標重複,與「龍騰活動中心、雙潭活動中心」共用相同座標,"(121.533012, 25.042385)",各避難所應有獨立座標
5284,銅鏡社區活動中心,苗栗縣三灣鄉,座標重複,與「龍騰活動中心、雙潭活動中心」共用相同座標,"(121.533012, 25.042385)",各避難所應有獨立座標
5285,西湖村活動中心室外,苗栗縣三義鄉,座標重複,與「龍騰活動中心、雙潭活動中心」共用相同座標,"(121.533012, 25.042385)",各避難所應有獨立座標
5286,鯉魚潭村活動中心室外,苗栗縣三義鄉,座標重複,與「龍騰活動中心、雙潭活動中心」共用相同座標,"(121.533012, 25.042385)",各避難所應有獨立座標
5287,建中國民小學操場室外,苗栗縣三義鄉,座標重複,與「龍騰活動中心、雙潭活動中心」共用相同座標,"(121.533012, 25.042385)",各避難所應有獨立座標
5288,苑裡鎮立托兒所,苗栗縣苑裡鎮,座標重複,與「龍騰活動中心、雙潭活動中心」共用相同座標,"(121.533012, 25.042385)",各避難所應有獨立座標
5289,苑裡鎮老人文康中心,苗栗縣苑裡鎮,座標重複,與「龍騰活動中心、雙潭活動中心」共用相同座標,"(121.533012, 25.042385)",各避難所應有獨立座標
5290,苑裡鎮苑東苑南苑北社區聯合活動中,苗栗縣苑裡鎮,座標重複,與「龍騰活動中心、雙潭活動中心」共用相同座標,"(121.533012, 25.042385)",各避難所應有獨立座標
5291,苗栗縣立苑裡高中操場,苗栗縣苑裡鎮,座標重複,與「龍騰活動中心、雙潭活動中心」共用相同座標,"(121.533012, 25.042385)",各避難所應有獨立座標
5292,山腳國小田徑場,苗栗縣苑裡鎮,座標重複,與「龍騰活動中心、雙潭活動中心」共用相同座標,"(121.533012, 25.042385)",各避難所應有獨立座標
5293,苑裡鎮中山國小操場,苗栗縣苑裡鎮,座標重複,與「龍騰活動中心、雙潭活動中心」共用相同座標,"(121.533012, 25.042385)",各避難所應有獨立座標
5294,苑裡鎮立體育場,苗栗縣苑裡鎮,座標重複,與「龍騰活動中心、雙潭活動中心」共用相同座標,"(121.533012, 25.042385)",各避難所應有獨立座標
5295,綺湖社區活動中心,雲林縣土庫鎮,座標重複,與「龍騰活動中心、雙潭活動中心」共用相同座標,"(121.533012, 25.042385)",各避難所應有獨立座標
5296,大有市民活動中心,新北市三峽區,座標重複,與「龍騰活動中心、雙潭活動中心」共用相同座標,"(121.533012, 25.042385)",各避難所應有獨立座標
5297,豐珠國中小活動中心,新北市貢寮區,座標重複,與「龍騰活動中心、雙潭活動中心」共用相同座標,"(121.533012, 25.042385)",各避難所應有獨立座標
5298,大林鎮公所,嘉義縣大林鎮,座標重複,與「龍騰活動中心、雙潭活動中心」共用相同座標,"(121.533012, 25.042385)",各避難所應有獨立座標
5299,西興村活動中心前廣場,嘉義縣大埔鄉,座標重複,與「龍騰活動中心、雙潭活動中心」共用相同座標,"(121.533012, 25.042385)",各避難所應有獨立座標
5300,大埔鄉公所,嘉義縣大埔鄉,座標重複,與「龍騰活動中心、雙潭活動中心」共用相同座標,"(121.533012, 25.042385)",各避難所應有獨立座標
5301,文光國際英語村[室內],嘉義縣竹崎鄉,座標重複,與「龍騰活動中心、雙潭活動中心」共用相同座標,"(121.533012, 25.042385)",各避難所應有獨立座標
5302,嘉義縣竹崎鄉灣橋村朴子埔收容所暨防災物資整備所,嘉義縣竹崎鄉,座標重複,與「龍騰活動中心、雙潭活動中心」共用相同座標,"(121.533012, 25.042385)",各避難所應有獨立座標
5303,溪口國中室外,嘉義縣溪口鄉,座標重複,與「龍騰活動中心、雙潭活動中心」共用相同座標,"(121.533012, 25.042385)",各避難所應有獨立座標
5304,竹園國小室外,嘉義縣鹿草鄉,座標重複,與「龍騰活動中心、雙潭活動中心」共用相同座標,"(121.533012, 25.042385)",各避難所應有獨立座標
5305,後塘國小室外,嘉義縣鹿草鄉,座標重複,與「龍騰活動中心、雙潭活動中心」共用相同座標,"(121.533012, 25.042385)",各避難所應有獨立座標
5306,老人文康活動中心,彰化縣永靖鄉,座標重複,與「龍騰活動中心、雙潭活動中心」共用相同座標,"(121.533012, 25.042385)",各避難所應有獨立座標
5307,永靖鄉立托兒所,彰化縣永靖鄉,座標重複,與「龍騰活動中心、雙潭活動中心」共用相同座標,"(121.533012, 25.042385)",各避難所應有獨立座標
5308,梧棲國小活動中心,臺中市梧棲區,座標重複,與「龍騰活動中心、雙潭活動中心」共用相同座標,"(121.533012, 25.042385)",各避難所應有獨立座標
5309,樟原社區活動中心,臺東縣長濱鄉,座標重複,與「龍騰活動中心、雙潭活動中心」共用相同座標,"(121.533012, 25.042385)",各避難所應有獨立座標
5310,三間社區活動中心,臺東縣長濱鄉,座標重複,與「龍騰活動中心、雙潭活動中心」共用相同座標,"(121.533012, 25.042385)",各避難所應有獨立座標
5311,三間村南溪國小,臺東縣長濱鄉,座標重複,與「龍騰活動中心、雙潭活動中心」共用相同座標,"(121.533012, 25.042385)",各避難所應有獨立座標
5312,同義宮,臺南市新化區,座標重複,與「龍騰活動中心、雙潭活動中心」共用相同座標,"(121.533012, 25.042385)",各避難所應有獨立座標
5313,新化區聯合活動中心,臺南市新化區,座標重複,與「龍騰活動中心、雙潭活動中心」共用相同座標,"(121.533012, 25.042385)",各避難所應有獨立座標
5341,義學國中,新北市泰山區,座標重複,與「義學國小」共用相同座標,"(121.4347, 25.0472)",各避難所應有獨立座標
5342,義學國小,新北市泰山區,座標重複,與「義學國中」共用相同座標,"(121.4347, 25.0472)",各避難所應有獨立座標
5437,新生公園棒球場,臺北市中山區,座標重複,與「新興國中、臺北市中山運動中心」共用相同座標,"(121.5258, 25.062)",各避難所應有獨立座標
5438,新興國中,臺北市中山區,座標重複,與「新生公園棒球場、臺北市中山運動中心」共用相同座標,"(121.5258, 25.062)",各避難所應有獨立座標
5439,臺北市中山運動中心,臺北市中山區,座標重複,與「新生公園棒球場、新興國中」共用相同座標,"(121.5258, 25.062)",各避難所應有獨立座標
5503,南湖國小,臺北市內湖區,座標重複,與「明湖國中」共用相同座標,"(121.6107, 25.0706)",各避難所應有獨立座標
5504,明湖國中,臺北市內湖區,座標重複,與「南湖國小」共用相同座標,"(121.6107, 25.0706)",各避難所應有獨立座標
5506,和平市民活動中心,新北市三重區,座標重複,與「厚德國民小學」共用相同座標,"(121.4874, 25.0707)",各避難所應有獨立座標
5507,厚德國民小學,新北市三重區,座標重複,與「和平市民活動中心」共用相同座標,"(121.4874, 25.0707)",各避難所應有獨立座標
5530,重慶國中,臺北市大同區,座標重複,與「臺北市大同運動中心」共用相同座標,"(121.5179, 25.0759)",各避難所應有獨立座標
5531,臺北市大同運動中心,臺北市大同區,座標重複,與「重慶國中」共用相同座標,"(121.5179, 25.0759)",各避難所應有獨立座標
5543,內湖高中,臺北市內湖區,座標重複,與「臺北市內湖運動中心」共用相同座標,"(121.5865, 25.0784)",各避難所應有獨立座標
5544,臺北市內湖運動中心,臺北市內湖區,座標重複,與「內湖高中」共用相同座標,"(121.5865, 25.0784)",各避難所應有獨立座標
5608,天母棒球場,臺北市士林區,座標重複,與「臺北市士林運動中心、社子國小」共用相同座標,"(121.5029, 25.0898)",各避難所應有獨立座標
5609,臺北市士林運動中心,臺北市士林區,座標重複,與「天母棒球場、社子國小」共用相同座標,"(121.5029, 25.0898)",各避難所應有獨立座標
5610,社子國小,臺北市士林區,座標重複,與「天母棒球場、臺北市士林運動中心」共用相同座標,"(121.5029, 25.0898)",各避難所應有獨立座標
5719,仁愛區公所,基隆市仁愛區,座標重複,與「光華里民活動中心」共用相同座標,"(121.7367, 25.1252)",各避難所應有獨立座標
5720,光華里民活動中心,基隆市仁愛區,座標重複,與「仁愛區公所」共用相同座標,"(121.7367, 25.1252)",各避難所應有獨立座標
5802,新民國中,臺北市北投區,座標重複,與「臺北市北投運動中心」共用相同座標,"(121.5065, 25.1389)",各避難所應有獨立座標
5803,臺北市北投運動中心,臺北市北投區,座標重複,與「新民國中」共用相同座標,"(121.5065, 25.1389)",各避難所應有獨立座標
364,老人文康活動中心,屏東縣萬丹鄉,重複紀錄,與行 363 完全重複（名稱+地址相同）,屏東縣萬丹鄉大昌路495號,移除重複項
1187,臺南市安定區南興國小,臺南市安定區,重複紀錄,與行 1186 完全重複（名稱+地址相同）,六嘉30號,移除重複項
1201,臺南市安定區複合式運動場四周及南安小操場,臺南市安定區,重複紀錄,與行 1200 完全重複（名稱+地址相同）,港口333-22號,移除重複項
1250,臺南市安定區體育運動公園（防災公園）,臺南市安定區,重複紀錄,與行 1249 完全重複（名稱+地址相同）,安加243-5號旁,移除重複項
1288,高雄市桃源區興中國民小學,高雄市桃源區,重複紀錄,與行 1286 完全重複（名稱+地址相同）,興中巷44號,移除重複項
1301,臺南市善化區老人文康活動中心,臺南市善化區,重複紀錄,與行 1300 完全重複（名稱+地址相同）,茄拔271號,移除重複項
1385,臺南市將軍區漚汪國小,臺南市將軍區,重複紀錄,與行 1384 完全重複（名稱+地址相同）,長榮4號,移除重複項
1389,臺南市將軍區老人文康活動中心,臺南市將軍區,重複紀錄,與行 1388 完全重複（名稱+地址相同）,忠興180-50號,移除重複項
1399,臺南市將軍區將軍國中,臺南市將軍區,重複紀錄,與行 1398 完全重複（名稱+地址相同）,昌平1-1號,移除重複項
1411,臺南市將軍區將軍國小,臺南市將軍區,重複紀錄,與行 1410 完全重複（名稱+地址相同）,將貴58號,移除重複項
1425,臺南市將軍區苓和國小,臺南市將軍區,重複紀錄,與行 1424 完全重複（名稱+地址相同）,苓和132號,移除重複項
2426,新生社區活動中心,南投縣竹山鎮,重複紀錄,與行 2425 完全重複（名稱+地址相同）,新生路346號,移除重複項
3108,陝西社區活動中心,彰化縣秀水鄉,重複紀錄,與行 3107 完全重複（名稱+地址相同）,埔南巷92號,移除重複項
3229,馬興社區活動中心,彰化縣秀水鄉,重複紀錄,與行 3228 完全重複（名稱+地址相同）,西銘巷6-1號,移除重複項
5885,萬里區行政大樓,新北市萬里區,重複紀錄,與行 5881 完全重複（名稱+地址相同）,萬里里瑪鋉路123號6樓,移除重複項
62,彰德國中勤學樓、育英樓穿堂,彰化縣彰化市,電話科學記號,電話被 Excel 轉成科學記號，原始號碼已遺失,4.72E+11,需重新查詢正確電話
69,牛埔社區活動中心,彰化縣彰化市,電話科學記號,電話被 Excel 轉成科學記號，原始號碼已遺失,4.72E+11,需重新查詢正確電話
3817,桃山社區活動中心,臺中市和平區,電話欄位填錯,電話欄填入中文「陳政治」，疑似填入姓名,陳政治,需修正為正確電話號碼
5021,阿柔市民活動中心,新北市深坑區,電話科學記號,電話被 Excel 轉成科學記號，原始號碼已遺失,2.66E+15,需重新查詢正確電話
5067,昇高市民活動中心,新北市深坑區,電話科學記號,電話被 Excel 轉成科學記號，原始號碼已遺失,2.66E+15,需重新查詢正確電話
5090,土庫第1市民活動中心,新北市深坑區,電話科學記號,電話被 Excel 轉成科學記號，原始號碼已遺失,2.66E+15,需重新查詢正確電話
5179,板橋國中,新北市板橋區,電話科學記號,電話被 Excel 轉成科學記號，原始號碼已遺失,2.97E+11,需重新查詢正確電話
5842,八里國小,新北市八里區,電話科學記號,電話被 Excel 轉成科學記號，原始號碼已遺失,2.61E+11,需重新查詢正確電話
945,臺南市南區體育公園,臺南市南區,收容人數異常大,"預計收容 11,891 人，請確認是否合理",11891,需人工確認
1038,臺南市永康區永康公園,臺南市永康區,收容人數異常大,"預計收容 15,500 人，請確認是否合理",15500,需人工確認
1063,臺南市永康區體一運動公園,臺南市永康區,收容人數異常大,"預計收容 21,333 人，請確認是否合理",21333,需人工確認
1090,臺南市永康區探索教育公園,臺南市永康區,收容人數異常大,"預計收容 20,000 人，請確認是否合理",20000,需人工確認
3709,大甲溪河濱公園,臺中市東勢區,收容人數異常大,"預計收容 34,000 人，請確認是否合理",34000,需人工確認
5161,青年公園,臺北市萬華區,收容人數異常大,"預計收容 33,756 人，請確認是否合理",33756,需人工確認
5214,大安森林公園,臺北市大安區,收容人數異常大,"預計收容 47,436 人，請確認是否合理",47436,需人工確認
5917,金山青年活動中心,新北市金山區,收容人數異常大,"預計收容 23,369 人，請確認是否合理",23369,需人工確認
